{"textures":{"0":"modelengine:entity/woodland_assassin","particle":"#0"},"elements":[{"from":[8.5,8.0,8.0],"to":[9.5,10.0,15.0],"faces":{"east":{"uv":[10.75,8.875,11.625,9.125],"tintindex":0,"rotation":0,"texture":"#0"},"south":{"uv":[8.875,6.125,9.0,6.375],"tintindex":0,"rotation":0,"texture":"#0"},"north":{"uv":[8.75,1.875,8.875,2.125],"tintindex":0,"rotation":0,"texture":"#0"},"west":{"uv":[10.75,9.125,11.625,9.375],"tintindex":0,"rotation":0,"texture":"#0"},"up":{"uv":[1.875,11.75,1.75,10.875],"tintindex":0,"rotation":0,"texture":"#0"},"down":{"uv":[6.625,10.875,6.5,11.75],"tintindex":0,"rotation":0,"texture":"#0"}}}],"display":{"head":{"rotation":[0.0,0.0,0.0]},"firstperson_righthand":{"rotation":[0.0,0.0,0.0]},"thirdperson_lefthand":{"rotation":[0.0,-0.0,-0.0]},"firstperson_lefthand":{"rotation":[0.0,-0.0,-0.0]},"fixed":{"rotation":[0.0,0.0,0.0]},"ground":{"rotation":[0.0,0.0,0.0]},"thirdperson_righthand":{"rotation":[0.0,0.0,0.0]},"gui":{"rotation":[-150.0,-45.0,180.0]}}}