{"textures":{"0":"modelengine:entity/woodland_assassin","particle":"#0"},"elements":[{"from":[7.5,7.0,11.0],"to":[8.5,9.0,17.0],"faces":{"east":{"uv":[10.875,5.25,11.625,5.5],"tintindex":0,"rotation":0,"texture":"#0"},"south":{"uv":[8.125,2.25,8.25,2.5],"tintindex":0,"rotation":0,"texture":"#0"},"north":{"uv":[2.375,7.625,2.5,7.875],"tintindex":0,"rotation":0,"texture":"#0"},"west":{"uv":[10.875,5.5,11.625,5.75],"tintindex":0,"rotation":0,"texture":"#0"},"up":{"uv":[4.25,11.75,4.125,11.0],"tintindex":0,"rotation":0,"texture":"#0"},"down":{"uv":[8.0,11.0,7.875,11.75],"tintindex":0,"rotation":0,"texture":"#0"}},"rotation":{"origin":[7.0,8.0,12.0],"angle":45.0,"axis":"x"}},{"from":[7.0,7.0,4.0],"to":[9.0,9.0,12.0],"faces":{"east":{"uv":[10.625,3.5,11.625,3.75],"tintindex":0,"rotation":0,"texture":"#0"},"south":{"uv":[11.125,2.5,11.375,2.75],"tintindex":0,"rotation":0,"texture":"#0"},"north":{"uv":[9.625,5.0,9.875,5.25],"tintindex":0,"rotation":0,"texture":"#0"},"west":{"uv":[10.625,3.75,11.625,4.0],"tintindex":0,"rotation":0,"texture":"#0"},"up":{"uv":[2.75,5.625,2.5,4.625],"tintindex":0,"rotation":0,"texture":"#0"},"down":{"uv":[10.875,5.0,10.625,6.0],"tintindex":0,"rotation":0,"texture":"#0"}}},{"from":[7.0,2.0,5.0],"to":[9.0,4.0,11.0],"faces":{"east":{"uv":[10.875,5.75,11.625,6.0],"tintindex":0,"rotation":0,"texture":"#0"},"south":{"uv":[4.75,11.125,5.0,11.375],"tintindex":0,"rotation":0,"texture":"#0"},"north":{"uv":[4.5,11.125,4.75,11.375],"tintindex":0,"rotation":0,"texture":"#0"},"west":{"uv":[10.875,10.25,11.625,10.5],"tintindex":0,"rotation":0,"texture":"#0"},"up":{"uv":[1.25,8.125,1.0,7.375],"tintindex":0,"rotation":0,"texture":"#0"},"down":{"uv":[8.125,0.0,7.875,0.75],"tintindex":0,"rotation":0,"texture":"#0"}}},{"from":[7.5,7.0,-1.0],"to":[8.5,9.0,5.0],"faces":{"east":{"uv":[10.875,5.0,11.625,5.25],"tintindex":0,"rotation":0,"texture":"#0"},"south":{"uv":[7.0,0.75,7.125,1.0],"tintindex":0,"rotation":0,"texture":"#0"},"north":{"uv":[1.25,6.875,1.375,7.125],"tintindex":0,"rotation":0,"texture":"#0"},"west":{"uv":[5.25,10.875,6.0,11.125],"tintindex":0,"rotation":0,"texture":"#0"},"up":{"uv":[2.375,7.875,2.25,7.125],"tintindex":0,"rotation":0,"texture":"#0"},"down":{"uv":[4.125,11.0,4.0,11.75],"tintindex":0,"rotation":0,"texture":"#0"}},"rotation":{"origin":[7.0,8.0,4.0],"angle":-45.0,"axis":"x"}}],"display":{"head":{"rotation":[0.0,0.0,0.0]},"firstperson_righthand":{"rotation":[0.0,0.0,0.0]},"thirdperson_lefthand":{"rotation":[0.0,-0.0,-0.0]},"firstperson_lefthand":{"rotation":[0.0,-0.0,-0.0]},"fixed":{"rotation":[0.0,0.0,0.0]},"ground":{"rotation":[0.0,0.0,0.0]},"thirdperson_righthand":{"rotation":[0.0,0.0,0.0]},"gui":{"rotation":[-150.0,-45.0,180.0]}}}