{"textures":{"0":"modelengine:entity/woodland_assassin","particle":"#0"},"elements":[{"from":[1.5,-4.0,7.5],"to":[14.5,8.0,8.5],"faces":{"east":{"uv":[1.875,0.0,2.0,1.5],"tintindex":0,"rotation":0,"texture":"#0"},"south":{"uv":[3.5,0.0,1.875,1.5],"tintindex":0,"rotation":0,"texture":"#0"},"north":{"uv":[1.875,0.0,3.5,1.5],"tintindex":0,"rotation":0,"texture":"#0"},"west":{"uv":[3.375,0.0,3.5,1.5],"tintindex":0,"rotation":0,"texture":"#0"},"up":{"uv":[3.5,0.125,1.875,0.0],"tintindex":0,"rotation":0,"texture":"#0"},"down":{"uv":[3.5,1.375,1.875,1.5],"tintindex":0,"rotation":0,"texture":"#0"}}}],"display":{"head":{"rotation":[0.0,0.0,0.0]},"firstperson_righthand":{"rotation":[0.0,0.0,0.0]},"thirdperson_lefthand":{"rotation":[0.0,-0.0,-0.0]},"firstperson_lefthand":{"rotation":[0.0,-0.0,-0.0]},"fixed":{"rotation":[0.0,0.0,0.0]},"ground":{"rotation":[0.0,0.0,0.0]},"thirdperson_righthand":{"rotation":[0.0,0.0,0.0]},"gui":{"rotation":[-150.0,-45.0,180.0]}}}