{"textures":{"0":"modelengine:entity/woodland_assassin","particle":"#0"},"elements":[{"from":[3.5,-4.0,7.5],"to":[12.5,8.0,8.5],"faces":{"east":{"uv":[3.875,4.5,3.75,6.0],"tintindex":0,"rotation":0,"texture":"#0"},"south":{"uv":[2.75,4.5,3.875,6.0],"tintindex":0,"rotation":0,"texture":"#0"},"north":{"uv":[3.875,4.5,2.75,6.0],"tintindex":0,"rotation":0,"texture":"#0"},"west":{"uv":[2.875,4.5,2.75,6.0],"tintindex":0,"rotation":0,"texture":"#0"},"up":{"uv":[2.75,4.625,3.875,4.5],"tintindex":0,"rotation":0,"texture":"#0"},"down":{"uv":[2.75,5.875,3.875,6.0],"tintindex":0,"rotation":0,"texture":"#0"}}}],"display":{"head":{"rotation":[0.0,0.0,0.0]},"firstperson_righthand":{"rotation":[0.0,0.0,0.0]},"thirdperson_lefthand":{"rotation":[0.0,-0.0,-0.0]},"firstperson_lefthand":{"rotation":[0.0,-0.0,-0.0]},"fixed":{"rotation":[0.0,0.0,0.0]},"ground":{"rotation":[0.0,0.0,0.0]},"thirdperson_righthand":{"rotation":[0.0,0.0,0.0]},"gui":{"rotation":[-150.0,-45.0,180.0]}}}