{"textures":{"0":"modelengine:entity/woodland_assassin","particle":"#0"},"elements":[{"from":[4.5,-2.0,7.0],"to":[11.5,10.0,9.0],"faces":{"east":{"uv":[7.125,10.25,6.875,11.75],"tintindex":0,"rotation":0,"texture":"#0"},"south":{"uv":[5.75,1.0,4.875,2.5],"tintindex":0,"rotation":0,"texture":"#0"},"north":{"uv":[2.5,4.625,1.625,6.125],"tintindex":0,"rotation":0,"texture":"#0"},"west":{"uv":[6.875,10.25,6.625,11.75],"tintindex":0,"rotation":0,"texture":"#0"},"up":{"uv":[10.625,6.25,11.5,6.0],"tintindex":0,"rotation":0,"texture":"#0"},"down":{"uv":[10.75,0.0,11.625,0.25],"tintindex":0,"rotation":0,"texture":"#0"}}}],"display":{"head":{"rotation":[0.0,0.0,0.0]},"firstperson_righthand":{"rotation":[0.0,0.0,0.0]},"thirdperson_lefthand":{"rotation":[0.0,-0.0,-0.0]},"firstperson_lefthand":{"rotation":[0.0,-0.0,-0.0]},"fixed":{"rotation":[0.0,0.0,0.0]},"ground":{"rotation":[0.0,0.0,0.0]},"thirdperson_righthand":{"rotation":[0.0,0.0,0.0]},"gui":{"rotation":[-150.0,-45.0,180.0]}}}