{"textures":{"0":"modelengine:entity/woodland_assassin","particle":"#0"},"elements":[{"from":[3.5,0.0,5.5],"to":[8.5,11.0,10.5],"faces":{"east":{"uv":[1.0,8.125,1.625,9.5],"tintindex":0,"rotation":0,"texture":"#0"},"south":{"uv":[1.625,8.125,2.25,9.5],"tintindex":0,"rotation":0,"texture":"#0"},"north":{"uv":[8.125,0.875,8.75,2.25],"tintindex":0,"rotation":0,"texture":"#0"},"west":{"uv":[8.125,3.625,8.75,5.0],"tintindex":0,"rotation":0,"texture":"#0"},"up":{"uv":[10.75,10.125,10.125,9.5],"tintindex":0,"rotation":0,"texture":"#0"},"down":{"uv":[10.75,10.125,10.125,10.75],"tintindex":0,"rotation":0,"texture":"#0"}}},{"from":[-5.5,5.0,7.5],"to":[2.5,10.0,7.5],"faces":{"south":{"uv":[2.25,9.625,3.25,10.25],"tintindex":0,"rotation":0,"texture":"#0"},"north":{"uv":[3.25,9.625,2.25,10.25],"tintindex":0,"rotation":0,"texture":"#0"}},"rotation":{"origin":[4.5,10.0,7.5],"angle":45.0,"axis":"z"}}],"display":{"head":{"rotation":[0.0,0.0,0.0]},"firstperson_righthand":{"rotation":[0.0,0.0,0.0]},"thirdperson_lefthand":{"rotation":[0.0,-0.0,-0.0]},"firstperson_lefthand":{"rotation":[0.0,-0.0,-0.0]},"fixed":{"rotation":[0.0,0.0,0.0]},"ground":{"rotation":[0.0,0.0,0.0]},"thirdperson_righthand":{"rotation":[0.0,0.0,0.0]},"gui":{"rotation":[-150.0,-45.0,180.0]}}}