{"textures":{"0":"modelengine:entity/woodland_assassin","particle":"#0"},"elements":[{"from":[9.0,4.0,6.25],"to":[11.0,11.0,10.25],"faces":{"east":{"uv":[7.5,8.625,8.0,9.5],"tintindex":0,"rotation":0,"texture":"#0"},"south":{"uv":[5.875,7.875,6.125,8.75],"tintindex":0,"rotation":0,"texture":"#0"},"north":{"uv":[6.25,6.875,6.5,7.75],"tintindex":0,"rotation":0,"texture":"#0"},"west":{"uv":[7.5,10.125,8.0,11.0],"tintindex":0,"rotation":0,"texture":"#0"},"up":{"uv":[10.75,11.25,10.5,10.75],"tintindex":0,"rotation":0,"texture":"#0"},"down":{"uv":[2.875,10.875,2.625,11.375],"tintindex":0,"rotation":0,"texture":"#0"}},"rotation":{"origin":[10.0,6.5,7.0],"angle":22.5,"axis":"x"}},{"from":[6.0,-2.0,5.0],"to":[10.0,8.0,9.0],"faces":{"east":{"uv":[9.0,9.625,9.5,10.875],"tintindex":0,"rotation":0,"texture":"#0"},"south":{"uv":[3.25,9.75,3.75,11.0],"tintindex":0,"rotation":0,"texture":"#0"},"north":{"uv":[9.625,8.875,10.125,10.125],"tintindex":0,"rotation":0,"texture":"#0"},"west":{"uv":[3.75,9.75,4.25,11.0],"tintindex":0,"rotation":0,"texture":"#0"},"up":{"uv":[11.125,4.5,10.625,4.0],"tintindex":0,"rotation":0,"texture":"#0"},"down":{"uv":[11.125,8.375,10.625,8.875],"tintindex":0,"rotation":0,"texture":"#0"}}}],"display":{"head":{"rotation":[0.0,0.0,0.0]},"firstperson_righthand":{"rotation":[0.0,0.0,0.0]},"thirdperson_lefthand":{"rotation":[0.0,-0.0,-0.0]},"firstperson_lefthand":{"rotation":[0.0,-0.0,-0.0]},"fixed":{"rotation":[0.0,0.0,0.0]},"ground":{"rotation":[0.0,0.0,0.0]},"thirdperson_righthand":{"rotation":[0.0,0.0,0.0]},"gui":{"rotation":[-150.0,-45.0,180.0]}}}