{"textures":{"0":"modelengine:entity/woodland_assassin","particle":"#0"},"elements":[{"from":[6.0,-6.0,6.0],"to":[10.0,9.0,11.0],"faces":{"east":{"uv":[3.75,6.0,3.125,7.875],"tintindex":0,"rotation":0,"texture":"#0"},"south":{"uv":[8.125,3.625,7.625,5.5],"tintindex":0,"rotation":0,"texture":"#0"},"north":{"uv":[8.0,6.75,7.5,8.625],"tintindex":0,"rotation":0,"texture":"#0"},"west":{"uv":[3.125,6.0,2.5,7.875],"tintindex":0,"rotation":0,"texture":"#0"},"up":{"uv":[10.5,8.25,11.0,7.625],"tintindex":0,"rotation":0,"texture":"#0"},"down":{"uv":[10.625,2.125,11.125,2.75],"tintindex":0,"rotation":0,"texture":"#0"}}},{"from":[10.0,5.0,8.5],"to":[12.0,11.0,8.5],"faces":{"east":{"uv":[3.75,6.0,3.125,7.875],"tintindex":0,"rotation":0,"texture":"#0"},"south":{"uv":[4.75,3.375,4.5,4.125],"tintindex":0,"rotation":0,"texture":"#0"},"north":{"uv":[4.5,3.375,4.75,4.125],"tintindex":0,"rotation":0,"texture":"#0"},"west":{"uv":[3.125,6.0,2.5,7.875],"tintindex":0,"rotation":0,"texture":"#0"},"up":{"uv":[10.5,8.25,11.0,7.625],"tintindex":0,"rotation":0,"texture":"#0"},"down":{"uv":[10.625,2.125,11.125,2.75],"tintindex":0,"rotation":0,"texture":"#0"}},"rotation":{"origin":[10.0,8.0,8.5],"angle":-22.5,"axis":"z"}}],"display":{"head":{"rotation":[0.0,0.0,0.0]},"firstperson_righthand":{"rotation":[0.0,0.0,0.0]},"thirdperson_lefthand":{"rotation":[0.0,-0.0,-0.0]},"firstperson_lefthand":{"rotation":[0.0,-0.0,-0.0]},"fixed":{"rotation":[0.0,0.0,0.0]},"ground":{"rotation":[0.0,0.0,0.0]},"thirdperson_righthand":{"rotation":[0.0,0.0,0.0]},"gui":{"rotation":[-150.0,-45.0,180.0]}}}