{"textures":{"0":"modelengine:entity/woodland_assassin","particle":"#0"},"elements":[{"from":[14.252081,12.010464,4.5],"to":[17.25208,12.010464,7.5],"faces":{"up":{"uv":[0.875,11.375,0.5,11.0],"tintindex":0,"rotation":0,"texture":"#0"},"down":{"uv":[0.875,11.0,0.5,11.375],"tintindex":0,"rotation":0,"texture":"#0"}},"rotation":{"origin":[15.502081,12.010464,6.0],"angle":-22.5,"axis":"y"}},{"from":[7.5,10.0,6.0],"to":[15.5,15.0,12.0],"faces":{"east":{"uv":[9.875,2.125,10.625,2.75],"tintindex":0,"rotation":0,"texture":"#0"},"south":{"uv":[9.625,3.875,10.625,4.5],"tintindex":0,"rotation":0,"texture":"#0"},"north":{"uv":[9.625,3.25,10.625,3.875],"tintindex":0,"rotation":0,"texture":"#0"},"west":{"uv":[9.875,5.0,10.625,5.625],"tintindex":0,"rotation":0,"texture":"#0"},"up":{"uv":[9.625,9.625,8.625,8.875],"tintindex":0,"rotation":0,"texture":"#0"},"down":{"uv":[10.0,6.125,9.0,6.875],"tintindex":0,"rotation":0,"texture":"#0"}},"rotation":{"origin":[10.5,13.0,8.0],"angle":-22.5,"axis":"z"}},{"from":[5.0,6.0,4.5],"to":[13.0,13.0,12.5],"faces":{"east":{"uv":[8.0,6.375,9.0,7.25],"tintindex":0,"rotation":0,"texture":"#0"},"south":{"uv":[8.0,7.25,9.0,8.125],"tintindex":0,"rotation":0,"texture":"#0"},"north":{"uv":[7.875,5.5,8.875,6.375],"tintindex":0,"rotation":0,"texture":"#0"},"west":{"uv":[8.125,0.0,9.125,0.875],"tintindex":0,"rotation":0,"texture":"#0"},"up":{"uv":[2.25,8.125,1.25,7.125],"tintindex":0,"rotation":0,"texture":"#0"},"down":{"uv":[8.125,1.75,7.125,2.75],"tintindex":0,"rotation":0,"texture":"#0"}},"rotation":{"origin":[9.0,9.5,8.0],"angle":22.5,"axis":"y"}}],"display":{"head":{"rotation":[0.0,0.0,0.0]},"firstperson_righthand":{"rotation":[0.0,0.0,0.0]},"thirdperson_lefthand":{"rotation":[0.0,-0.0,-0.0]},"firstperson_lefthand":{"rotation":[0.0,-0.0,-0.0]},"fixed":{"rotation":[0.0,0.0,0.0]},"ground":{"rotation":[0.0,0.0,0.0]},"thirdperson_righthand":{"rotation":[0.0,0.0,0.0]},"gui":{"rotation":[-150.0,-45.0,180.0]}}}