{"textures":{"0":"modelengine:entity/woodland_assassin","particle":"#0"},"elements":[{"from":[5.5,-3.0,5.0],"to":[10.5,9.0,11.0],"faces":{"east":{"uv":[5.25,6.0,4.5,7.5],"tintindex":0,"rotation":0,"texture":"#0"},"south":{"uv":[7.5,7.75,6.875,9.25],"tintindex":0,"rotation":0,"texture":"#0"},"north":{"uv":[6.875,7.75,6.25,9.25],"tintindex":0,"rotation":0,"texture":"#0"},"west":{"uv":[4.5,6.0,3.75,7.5],"tintindex":0,"rotation":0,"texture":"#0"},"up":{"uv":[10.0,6.375,10.625,5.625],"tintindex":0,"rotation":0,"texture":"#0"},"down":{"uv":[1.25,10.125,1.875,10.875],"tintindex":0,"rotation":0,"texture":"#0"}}}],"display":{"head":{"rotation":[0.0,0.0,0.0]},"firstperson_righthand":{"rotation":[0.0,0.0,0.0]},"thirdperson_lefthand":{"rotation":[0.0,-0.0,-0.0]},"firstperson_lefthand":{"rotation":[0.0,-0.0,-0.0]},"fixed":{"rotation":[0.0,0.0,0.0]},"ground":{"rotation":[0.0,0.0,0.0]},"thirdperson_righthand":{"rotation":[0.0,0.0,0.0]},"gui":{"rotation":[-150.0,-45.0,180.0]}}}