{"textures":{"0":"modelengine:entity/woodland_assassin","particle":"#0"},"elements":[{"from":[8.5,8.0,1.0],"to":[9.5,10.0,8.0],"faces":{"east":{"uv":[10.75,0.75,11.625,1.0],"tintindex":0,"rotation":0,"texture":"#0"},"south":{"uv":[8.75,1.625,8.875,1.875],"tintindex":0,"rotation":0,"texture":"#0"},"north":{"uv":[8.125,2.5,8.25,2.75],"tintindex":0,"rotation":0,"texture":"#0"},"west":{"uv":[10.75,1.0,11.625,1.25],"tintindex":0,"rotation":0,"texture":"#0"},"up":{"uv":[6.25,8.75,6.125,7.875],"tintindex":0,"rotation":0,"texture":"#0"},"down":{"uv":[3.25,8.75,3.125,9.625],"tintindex":0,"rotation":0,"texture":"#0"}}}],"display":{"head":{"rotation":[0.0,0.0,0.0]},"firstperson_righthand":{"rotation":[0.0,0.0,0.0]},"thirdperson_lefthand":{"rotation":[0.0,-0.0,-0.0]},"firstperson_lefthand":{"rotation":[0.0,-0.0,-0.0]},"fixed":{"rotation":[0.0,0.0,0.0]},"ground":{"rotation":[0.0,0.0,0.0]},"thirdperson_righthand":{"rotation":[0.0,0.0,0.0]},"gui":{"rotation":[-150.0,-45.0,180.0]}}}