{"textures":{"0":"modelengine:entity/woodland_assassin","particle":"#0"},"elements":[{"from":[8.0,8.0,0.0],"to":[10.0,10.0,4.0],"faces":{"east":{"uv":[6.5,0.75,7.0,1.0],"tintindex":0,"rotation":0,"texture":"#0"},"south":{"uv":[11.125,3.25,11.375,3.5],"tintindex":0,"rotation":0,"texture":"#0"},"north":{"uv":[11.125,3.0,11.375,3.25],"tintindex":0,"rotation":0,"texture":"#0"},"west":{"uv":[11.0,8.0,11.5,8.25],"tintindex":0,"rotation":0,"texture":"#0"},"up":{"uv":[1.625,6.125,1.375,5.625],"tintindex":0,"rotation":0,"texture":"#0"},"down":{"uv":[6.625,4.0,6.375,4.5],"tintindex":0,"rotation":0,"texture":"#0"}}},{"from":[9.0,4.0,0.0],"to":[9.0,8.0,5.0],"faces":{"east":{"uv":[8.75,5.0,8.125,5.5],"tintindex":0,"rotation":0,"texture":"#0"},"west":{"uv":[8.125,5.0,8.75,5.5],"tintindex":0,"rotation":0,"texture":"#0"}},"rotation":{"origin":[9.0,8.0,3.0],"angle":-45.0,"axis":"x"}},{"from":[7.5,7.5,4.0],"to":[10.5,10.5,8.0],"faces":{"east":{"uv":[0.0,10.875,0.5,11.25],"tintindex":0,"rotation":0,"texture":"#0"},"south":{"uv":[11.0,1.625,11.375,2.0],"tintindex":0,"rotation":0,"texture":"#0"},"north":{"uv":[0.875,11.0,1.25,11.375],"tintindex":0,"rotation":0,"texture":"#0"},"west":{"uv":[1.25,10.875,1.75,11.25],"tintindex":0,"rotation":0,"texture":"#0"},"up":{"uv":[7.125,2.375,6.75,1.875],"tintindex":0,"rotation":0,"texture":"#0"},"down":{"uv":[2.625,10.875,2.25,11.375],"tintindex":0,"rotation":0,"texture":"#0"}}}],"display":{"head":{"rotation":[0.0,0.0,0.0]},"firstperson_righthand":{"rotation":[0.0,0.0,0.0]},"thirdperson_lefthand":{"rotation":[0.0,-0.0,-0.0]},"firstperson_lefthand":{"rotation":[0.0,-0.0,-0.0]},"fixed":{"rotation":[0.0,0.0,0.0]},"ground":{"rotation":[0.0,0.0,0.0]},"thirdperson_righthand":{"rotation":[0.0,0.0,0.0]},"gui":{"rotation":[-150.0,-45.0,180.0]}}}