{"textures":{"0":"modelengine:entity/nature_sprite","particle":"#0"},"elements":[{"from":[9.25,9.25,9.25],"to":[6.75,6.75,6.75],"faces":{"east":{"uv":[10.0,9.5,11.0,10.5],"tintindex":0,"rotation":0,"texture":"#0"},"south":{"uv":[10.5,0.0,11.5,1.0],"tintindex":0,"rotation":0,"texture":"#0"},"north":{"uv":[9.0,10.0,10.0,11.0],"tintindex":0,"rotation":0,"texture":"#0"},"west":{"uv":[10.5,1.0,11.5,2.0],"tintindex":0,"rotation":0,"texture":"#0"},"up":{"uv":[11.5,3.0,10.5,2.0],"tintindex":0,"rotation":0,"texture":"#0"},"down":{"uv":[11.5,3.0,10.5,4.0],"tintindex":0,"rotation":0,"texture":"#0"}}},{"from":[7.0,7.0,7.0],"to":[9.0,9.0,9.0],"faces":{"east":{"uv":[10.0,10.5,11.0,11.5],"tintindex":0,"rotation":0,"texture":"#0"},"south":{"uv":[3.5,11.0,4.5,12.0],"tintindex":0,"rotation":0,"texture":"#0"},"north":{"uv":[10.5,4.0,11.5,5.0],"tintindex":0,"rotation":0,"texture":"#0"},"west":{"uv":[11.0,8.5,12.0,9.5],"tintindex":0,"rotation":0,"texture":"#0"},"up":{"uv":[10.0,12.0,9.0,11.0],"tintindex":0,"rotation":0,"texture":"#0"},"down":{"uv":[12.0,9.5,11.0,10.5],"tintindex":0,"rotation":0,"texture":"#0"}}}],"display":{"head":{"rotation":[0.0,0.0,0.0]},"firstperson_righthand":{"rotation":[0.0,0.0,0.0]},"thirdperson_lefthand":{"rotation":[0.0,-0.0,-0.0]},"firstperson_lefthand":{"rotation":[0.0,-0.0,-0.0]},"fixed":{"rotation":[0.0,0.0,0.0]},"ground":{"rotation":[0.0,0.0,0.0]},"thirdperson_righthand":{"rotation":[0.0,0.0,0.0]},"gui":{"rotation":[-150.0,-45.0,180.0]}}}