{"textures":{"0":"modelengine:entity/nature_sprite","particle":"#0"},"elements":[{"from":[8.0,5.5,-0.5],"to":[8.0,10.5,10.5],"faces":{"east":{"uv":[5.0,0.0,10.5,2.5],"tintindex":0,"rotation":0,"texture":"#0"},"west":{"uv":[10.5,0.0,5.0,2.5],"tintindex":0,"rotation":0,"texture":"#0"}}},{"from":[5.5,8.0,-0.5],"to":[10.5,8.0,10.5],"faces":{"up":{"uv":[10.5,0.0,5.0,2.5],"tintindex":0,"rotation":90,"texture":"#0"},"down":{"uv":[5.0,0.0,10.5,2.5],"tintindex":0,"rotation":90,"texture":"#0"}}}],"display":{"head":{"rotation":[0.0,0.0,0.0]},"firstperson_righthand":{"rotation":[0.0,0.0,0.0]},"thirdperson_lefthand":{"rotation":[0.0,-0.0,-0.0]},"firstperson_lefthand":{"rotation":[0.0,-0.0,-0.0]},"fixed":{"rotation":[0.0,0.0,0.0]},"ground":{"rotation":[0.0,0.0,0.0]},"thirdperson_righthand":{"rotation":[0.0,0.0,0.0]},"gui":{"rotation":[-150.0,-45.0,180.0]}}}