{"textures":{"0":"modelengine:entity/nature_sprite","particle":"#0"},"elements":[{"from":[5.5,6.5,8.0],"to":[10.5,9.5,8.0],"faces":{"south":{"uv":[7.5,8.5,10.0,10.0],"tintindex":0,"rotation":0,"texture":"#0"},"north":{"uv":[10.0,8.5,7.5,10.0],"tintindex":0,"rotation":0,"texture":"#0"}}}],"display":{"head":{"rotation":[0.0,0.0,0.0]},"firstperson_righthand":{"rotation":[0.0,0.0,0.0]},"thirdperson_lefthand":{"rotation":[0.0,-0.0,-0.0]},"firstperson_lefthand":{"rotation":[0.0,-0.0,-0.0]},"fixed":{"rotation":[0.0,0.0,0.0]},"ground":{"rotation":[0.0,0.0,0.0]},"thirdperson_righthand":{"rotation":[0.0,0.0,0.0]},"gui":{"rotation":[-150.0,-45.0,180.0]}}}