{"overrides":[{"predicate":{"custom_model_data":1},"model":"modelengine:root_spike/root_spike_shot"},{"predicate":{"custom_model_data":2},"model":"modelengine:leaf_explosion/leaves3"},{"predicate":{"custom_model_data":3},"model":"modelengine:leaf_explosion/leaves5"},{"predicate":{"custom_model_data":4},"model":"modelengine:leaf_explosion/leaves4"},{"predicate":{"custom_model_data":5},"model":"modelengine:leaf_explosion/leaves2"},{"predicate":{"custom_model_data":6},"model":"modelengine:leaf_explosion/leaves1"},{"predicate":{"custom_model_data":7},"model":"modelengine:root_snare/snare2"},{"predicate":{"custom_model_data":8},"model":"modelengine:root_snare/snare1"},{"predicate":{"custom_model_data":9},"model":"modelengine:root_snare/snare3"},{"predicate":{"custom_model_data":10},"model":"modelengine:quick_root_spike/root_spike_shot"},{"predicate":{"custom_model_data":11},"model":"modelengine:nature_sprite/glow_shot"},{"predicate":{"custom_model_data":12},"model":"modelengine:nature_sprite/bottom_left_shard"},{"predicate":{"custom_model_data":13},"model":"modelengine:nature_sprite/left_shard"},{"predicate":{"custom_model_data":14},"model":"modelengine:nature_sprite/bottom_right_shard"},{"predicate":{"custom_model_data":15},"model":"modelengine:nature_sprite/top_right_shard"},{"predicate":{"custom_model_data":16},"model":"modelengine:nature_sprite/top_left_shard"},{"predicate":{"custom_model_data":17},"model":"modelengine:nature_sprite/core"},{"predicate":{"custom_model_data":18},"model":"modelengine:nature_sprite/right_shard"},{"predicate":{"custom_model_data":19},"model":"modelengine:nature_sprite/head"},{"predicate":{"custom_model_data":20},"model":"modelengine:root_spike_ring/root_spike_shot4"},{"predicate":{"custom_model_data":21},"model":"modelengine:root_spike_ring/root_spike_shot6"},{"predicate":{"custom_model_data":22},"model":"modelengine:root_spike_ring/root_spike_shot7"},{"predicate":{"custom_model_data":23},"model":"modelengine:root_spike_ring/root_spike_shot8"},{"predicate":{"custom_model_data":24},"model":"modelengine:root_spike_ring/root_spike_shot10"},{"predicate":{"custom_model_data":25},"model":"modelengine:root_spike_ring/root_spike_shot11"},{"predicate":{"custom_model_data":26},"model":"modelengine:root_spike_ring/root_spike_shot5"},{"predicate":{"custom_model_data":27},"model":"modelengine:root_spike_ring/root_spike_shot2"},{"predicate":{"custom_model_data":28},"model":"modelengine:root_spike_ring/root_spike_shot3"},{"predicate":{"custom_model_data":29},"model":"modelengine:root_spike_ring/root_spike_shot1"},{"predicate":{"custom_model_data":30},"model":"modelengine:root_spike_ring/root_spike_shot9"},{"predicate":{"custom_model_data":31},"model":"modelengine:root_spike_ring/root_spike_shot12"},{"predicate":{"custom_model_data":32},"model":"modelengine:leaf_spiral_projectile/glow_orb"},{"predicate":{"custom_model_data":33},"model":"modelengine:leaf_spiral_projectile/sparkle_x"},{"predicate":{"custom_model_data":34},"model":"modelengine:leaf_spiral_projectile/sparkle_y2"},{"predicate":{"custom_model_data":35},"model":"modelengine:leaf_spiral_projectile/sparkle_y"},{"predicate":{"custom_model_data":36},"model":"modelengine:leaf_spiral_projectile/glow_trail"},{"predicate":{"custom_model_data":37},"model":"modelengine:leaf_spiral_projectile/sparkle_x2"},{"predicate":{"custom_model_data":38},"model":"modelengine:leaf_spiral_projectile/spiral_3"},{"predicate":{"custom_model_data":39},"model":"modelengine:leaf_spiral_projectile/spiral_1"},{"predicate":{"custom_model_data":40},"model":"modelengine:leaf_spiral_projectile/spiral_2"},{"predicate":{"custom_model_data":41},"model":"modelengine:glow_berry_cloud/flash_y"},{"predicate":{"custom_model_data":42},"model":"modelengine:glow_berry_cloud/flash_z"},{"predicate":{"custom_model_data":43},"model":"modelengine:glow_berry_cloud/flash_x"},{"predicate":{"custom_model_data":44},"model":"modelengine:glow_berry_cloud/center_cloud"},{"predicate":{"custom_model_data":45},"model":"modelengine:glow_berry_cloud/cloud2"},{"predicate":{"custom_model_data":46},"model":"modelengine:glow_berry_cloud/cloud8"},{"predicate":{"custom_model_data":47},"model":"modelengine:glow_berry_cloud/cloud6"},{"predicate":{"custom_model_data":48},"model":"modelengine:glow_berry_cloud/cloud7"},{"predicate":{"custom_model_data":49},"model":"modelengine:glow_berry_cloud/cloud3"},{"predicate":{"custom_model_data":50},"model":"modelengine:glow_berry_cloud/cloud4"},{"predicate":{"custom_model_data":51},"model":"modelengine:glow_berry_cloud/cloud1"},{"predicate":{"custom_model_data":52},"model":"modelengine:glow_berry_cloud/cloud5"},{"predicate":{"custom_model_data":53},"model":"modelengine:rooted_warrior/body_root"},{"predicate":{"custom_model_data":54},"model":"modelengine:rooted_warrior/ground_root"},{"predicate":{"custom_model_data":55},"model":"modelengine:rooted_warrior/back_root"},{"predicate":{"custom_model_data":56},"model":"modelengine:rooted_warrior/body"},{"predicate":{"custom_model_data":57},"model":"modelengine:rooted_warrior/glow_circle2"},{"predicate":{"custom_model_data":58},"model":"modelengine:rooted_warrior/glow_circle"},{"predicate":{"custom_model_data":59},"model":"modelengine:rooted_warrior/ground_root2"},{"predicate":{"custom_model_data":60},"model":"modelengine:rooted_warrior/left_root1"},{"predicate":{"custom_model_data":61},"model":"modelengine:rooted_warrior/right_root1"},{"predicate":{"custom_model_data":62},"model":"modelengine:rooted_warrior/left_ground_root2"},{"predicate":{"custom_model_data":63},"model":"modelengine:rooted_warrior/right_root2"},{"predicate":{"custom_model_data":64},"model":"modelengine:rooted_warrior/left_ground_root1"},{"predicate":{"custom_model_data":65},"model":"modelengine:rooted_warrior/right_ground_root1"},{"predicate":{"custom_model_data":66},"model":"modelengine:rooted_warrior/left_root2"},{"predicate":{"custom_model_data":67},"model":"modelengine:rooted_warrior/torso"},{"predicate":{"custom_model_data":68},"model":"modelengine:rooted_warrior/right_ground_root2"},{"predicate":{"custom_model_data":69},"model":"modelengine:rooted_warrior/upper_torso"},{"predicate":{"custom_model_data":70},"model":"modelengine:rooted_warrior/chest_hole_dead"},{"predicate":{"custom_model_data":71},"model":"modelengine:rooted_warrior/head"},{"predicate":{"custom_model_data":72},"model":"modelengine:rooted_warrior/glow_beam"},{"predicate":{"custom_model_data":73},"model":"modelengine:rooted_warrior/left_arm"},{"predicate":{"custom_model_data":74},"model":"modelengine:rooted_warrior/right_arm"},{"predicate":{"custom_model_data":75},"model":"modelengine:rooted_warrior/chest_hole_alive"},{"predicate":{"custom_model_data":76},"model":"modelengine:rooted_warrior/right_horn"},{"predicate":{"custom_model_data":77},"model":"modelengine:rooted_warrior/alive"},{"predicate":{"custom_model_data":78},"model":"modelengine:rooted_warrior/left_horn"},{"predicate":{"custom_model_data":79},"model":"modelengine:rooted_warrior/dead"},{"predicate":{"custom_model_data":80},"model":"modelengine:rooted_warrior/left_elbow"},{"predicate":{"custom_model_data":81},"model":"modelengine:rooted_warrior/right_elbow"},{"predicate":{"custom_model_data":82},"model":"modelengine:lady_of_the_forest/seat"},{"predicate":{"custom_model_data":83},"model":"modelengine:lady_of_the_forest/right_leg"},{"predicate":{"custom_model_data":84},"model":"modelengine:lady_of_the_forest/torso"},{"predicate":{"custom_model_data":85},"model":"modelengine:lady_of_the_forest/left_leg"},{"predicate":{"custom_model_data":86},"model":"modelengine:lady_of_the_forest/right_knee"},{"predicate":{"custom_model_data":87},"model":"modelengine:lady_of_the_forest/right_hip_glow_berry"},{"predicate":{"custom_model_data":88},"model":"modelengine:lady_of_the_forest/upper_torso"},{"predicate":{"custom_model_data":89},"model":"modelengine:lady_of_the_forest/left_knee"},{"predicate":{"custom_model_data":90},"model":"modelengine:lady_of_the_forest/left_hip_glow_berry"},{"predicate":{"custom_model_data":91},"model":"modelengine:lady_of_the_forest/head"},{"predicate":{"custom_model_data":92},"model":"modelengine:lady_of_the_forest/left_cape1"},{"predicate":{"custom_model_data":93},"model":"modelengine:lady_of_the_forest/left_arm"},{"predicate":{"custom_model_data":94},"model":"modelengine:lady_of_the_forest/right_cape1"},{"predicate":{"custom_model_data":95},"model":"modelengine:lady_of_the_forest/right_arm"},{"predicate":{"custom_model_data":96},"model":"modelengine:lady_of_the_forest/cape1"},{"predicate":{"custom_model_data":97},"model":"modelengine:lady_of_the_forest/shoulder_serpent_seg1"},{"predicate":{"custom_model_data":98},"model":"modelengine:lady_of_the_forest/alive"},{"predicate":{"custom_model_data":99},"model":"modelengine:lady_of_the_forest/dead"},{"predicate":{"custom_model_data":100},"model":"modelengine:lady_of_the_forest/right_horn"},{"predicate":{"custom_model_data":101},"model":"modelengine:lady_of_the_forest/left_horn"},{"predicate":{"custom_model_data":102},"model":"modelengine:lady_of_the_forest/left_cape2"},{"predicate":{"custom_model_data":103},"model":"modelengine:lady_of_the_forest/left_elbow"},{"predicate":{"custom_model_data":104},"model":"modelengine:lady_of_the_forest/right_cape2"},{"predicate":{"custom_model_data":105},"model":"modelengine:lady_of_the_forest/right_elbow"},{"predicate":{"custom_model_data":106},"model":"modelengine:lady_of_the_forest/left_boob"},{"predicate":{"custom_model_data":107},"model":"modelengine:lady_of_the_forest/right_boob"},{"predicate":{"custom_model_data":108},"model":"modelengine:lady_of_the_forest/cape2"},{"predicate":{"custom_model_data":109},"model":"modelengine:lady_of_the_forest/shoulder_serpent_seg2"},{"predicate":{"custom_model_data":110},"model":"modelengine:lady_of_the_forest/left_cape3"},{"predicate":{"custom_model_data":111},"model":"modelengine:lady_of_the_forest/left_glow_berry_bomb"},{"predicate":{"custom_model_data":112},"model":"modelengine:lady_of_the_forest/right_cape3"},{"predicate":{"custom_model_data":113},"model":"modelengine:lady_of_the_forest/right_glow_berry_bomb"},{"predicate":{"custom_model_data":114},"model":"modelengine:lady_of_the_forest/cape3"},{"predicate":{"custom_model_data":115},"model":"modelengine:lady_of_the_forest/shoulder_serpent_seg3"},{"predicate":{"custom_model_data":116},"model":"modelengine:lady_of_the_forest/serpent_head"},{"predicate":{"custom_model_data":117},"model":"modelengine:lady_of_the_forest/serpent_jaw"},{"predicate":{"custom_model_data":118},"model":"modelengine:lady_of_the_forest/serpent_hair1"},{"predicate":{"custom_model_data":119},"model":"modelengine:lady_of_the_forest/serpent_hair2"},{"predicate":{"custom_model_data":120},"model":"modelengine:lady_of_the_forest/serpent_hair3"},{"predicate":{"custom_model_data":121},"model":"modelengine:woodland_assassin/glow_circle1"},{"predicate":{"custom_model_data":122},"model":"modelengine:woodland_assassin/glow_circle2"},{"predicate":{"custom_model_data":123},"model":"modelengine:woodland_assassin/right_leg"},{"predicate":{"custom_model_data":124},"model":"modelengine:woodland_assassin/left_leg"},{"predicate":{"custom_model_data":125},"model":"modelengine:woodland_assassin/right_knee"},{"predicate":{"custom_model_data":126},"model":"modelengine:woodland_assassin/hip"},{"predicate":{"custom_model_data":127},"model":"modelengine:woodland_assassin/hip_cloth"},{"predicate":{"custom_model_data":128},"model":"modelengine:woodland_assassin/left_knee"},{"predicate":{"custom_model_data":129},"model":"modelengine:woodland_assassin/right_cape1"},{"predicate":{"custom_model_data":130},"model":"modelengine:woodland_assassin/right_shoulderpad"},{"predicate":{"custom_model_data":131},"model":"modelengine:woodland_assassin/left_arm"},{"predicate":{"custom_model_data":132},"model":"modelengine:woodland_assassin/upper_torso_scale"},{"predicate":{"custom_model_data":133},"model":"modelengine:woodland_assassin/cloak1"},{"predicate":{"custom_model_data":134},"model":"modelengine:woodland_assassin/left_cape1"},{"predicate":{"custom_model_data":135},"model":"modelengine:woodland_assassin/cape1"},{"predicate":{"custom_model_data":136},"model":"modelengine:woodland_assassin/head"},{"predicate":{"custom_model_data":137},"model":"modelengine:woodland_assassin/right_arm"},{"predicate":{"custom_model_data":138},"model":"modelengine:woodland_assassin/right_cape"},{"predicate":{"custom_model_data":139},"model":"modelengine:woodland_assassin/left_elbow"},{"predicate":{"custom_model_data":140},"model":"modelengine:woodland_assassin/cloak2"},{"predicate":{"custom_model_data":141},"model":"modelengine:woodland_assassin/left_cape2"},{"predicate":{"custom_model_data":142},"model":"modelengine:woodland_assassin/cape2"},{"predicate":{"custom_model_data":143},"model":"modelengine:woodland_assassin/eyes"},{"predicate":{"custom_model_data":144},"model":"modelengine:woodland_assassin/right_elbow"},{"predicate":{"custom_model_data":145},"model":"modelengine:woodland_assassin/right_cape3"},{"predicate":{"custom_model_data":146},"model":"modelengine:woodland_assassin/bow"},{"predicate":{"custom_model_data":147},"model":"modelengine:woodland_assassin/cloak3"},{"predicate":{"custom_model_data":148},"model":"modelengine:woodland_assassin/left_cape3"},{"predicate":{"custom_model_data":149},"model":"modelengine:woodland_assassin/cape3"},{"predicate":{"custom_model_data":150},"model":"modelengine:woodland_assassin/glow_arrow"},{"predicate":{"custom_model_data":151},"model":"modelengine:woodland_assassin/glow_arrow_projectile"},{"predicate":{"custom_model_data":152},"model":"modelengine:woodland_assassin/arrow_projectile"},{"predicate":{"custom_model_data":153},"model":"modelengine:woodland_assassin/arrow"},{"predicate":{"custom_model_data":154},"model":"modelengine:woodland_assassin/top_bow_seg1"},{"predicate":{"custom_model_data":155},"model":"modelengine:woodland_assassin/bottom_bow_seg1"},{"predicate":{"custom_model_data":156},"model":"modelengine:woodland_assassin/hidden_blade"},{"predicate":{"custom_model_data":157},"model":"modelengine:woodland_assassin/top_bow_seg2"},{"predicate":{"custom_model_data":158},"model":"modelengine:woodland_assassin/bottom_bow_seg2"},{"predicate":{"custom_model_data":159},"model":"modelengine:woodland_assassin/top_bow_seg3"},{"predicate":{"custom_model_data":160},"model":"modelengine:woodland_assassin/bottom_bow_seg3"},{"predicate":{"custom_model_data":161},"model":"modelengine:woodland_assassin/top_string"},{"predicate":{"custom_model_data":162},"model":"modelengine:woodland_assassin/bottom_string"}],"parent":"minecraft:item/generated","textures":{"layer0":"minecraft:item/leather_horse_armor"}}