{"textures":{"0":"modelengine:entity/glow_berry_cloud","particle":"#0"},"elements":[{"from":[2.0,2.0,2.0],"to":[14.0,14.0,14.0],"faces":{"east":{"uv":[8.0,7.0,11.0,4.0],"tintindex":0,"rotation":0,"texture":"#0"},"south":{"uv":[7.0,11.0,10.0,8.0],"tintindex":0,"rotation":0,"texture":"#0"},"north":{"uv":[4.0,11.0,7.0,8.0],"tintindex":0,"rotation":0,"texture":"#0"},"west":{"uv":[10.0,10.0,13.0,7.0],"tintindex":0,"rotation":0,"texture":"#0"},"up":{"uv":[7.0,14.0,4.0,11.0],"tintindex":0,"rotation":0,"texture":"#0"},"down":{"uv":[13.0,10.0,10.0,13.0],"tintindex":0,"rotation":0,"texture":"#0"}}},{"from":[14.0,14.0,14.0],"to":[2.0,2.0,2.0],"faces":{"east":{"uv":[10.0,7.0,13.0,10.0],"tintindex":0,"rotation":0,"texture":"#0"},"south":{"uv":[4.0,8.0,7.0,11.0],"tintindex":0,"rotation":0,"texture":"#0"},"north":{"uv":[7.0,8.0,10.0,11.0],"tintindex":0,"rotation":0,"texture":"#0"},"west":{"uv":[8.0,4.0,11.0,7.0],"tintindex":0,"rotation":0,"texture":"#0"},"up":{"uv":[10.0,10.0,13.0,13.0],"tintindex":0,"rotation":0,"texture":"#0"},"down":{"uv":[4.0,14.0,7.0,11.0],"tintindex":0,"rotation":0,"texture":"#0"}}}],"display":{"head":{"rotation":[0.0,0.0,0.0]},"firstperson_righthand":{"rotation":[0.0,0.0,0.0]},"thirdperson_lefthand":{"rotation":[0.0,-0.0,-0.0]},"firstperson_lefthand":{"rotation":[0.0,-0.0,-0.0]},"fixed":{"rotation":[0.0,0.0,0.0]},"ground":{"rotation":[0.0,0.0,0.0]},"thirdperson_righthand":{"rotation":[0.0,0.0,0.0]},"gui":{"rotation":[-150.0,-45.0,180.0]}}}