{"textures":{"0":"modelengine:entity/lady_of_the_forest","particle":"#0"},"elements":[{"from":[3.5,-1.0,7.5],"to":[12.5,9.0,8.5],"faces":{"east":{"uv":[0.0,1.5,0.125,2.75],"tintindex":0,"rotation":0,"texture":"#0"},"south":{"uv":[1.125,1.5,0.0,2.75],"tintindex":0,"rotation":0,"texture":"#0"},"north":{"uv":[0.0,1.5,1.125,2.75],"tintindex":0,"rotation":0,"texture":"#0"},"west":{"uv":[1.0,1.5,1.125,2.75],"tintindex":0,"rotation":0,"texture":"#0"},"up":{"uv":[1.125,1.625,0.0,1.5],"tintindex":0,"rotation":0,"texture":"#0"},"down":{"uv":[1.125,2.625,0.0,2.75],"tintindex":0,"rotation":0,"texture":"#0"}}}],"display":{"head":{"rotation":[0.0,0.0,0.0]},"firstperson_righthand":{"rotation":[0.0,0.0,0.0]},"thirdperson_lefthand":{"rotation":[0.0,-0.0,-0.0]},"firstperson_lefthand":{"rotation":[0.0,-0.0,-0.0]},"fixed":{"rotation":[0.0,0.0,0.0]},"ground":{"rotation":[0.0,0.0,0.0]},"thirdperson_righthand":{"rotation":[0.0,0.0,0.0]},"gui":{"rotation":[-150.0,-45.0,180.0]}}}