{"textures":{"0":"modelengine:entity/lady_of_the_forest","particle":"#0"},"elements":[{"from":[4.5,-2.0,7.0],"to":[11.5,8.0,9.0],"faces":{"east":{"uv":[4.125,6.375,4.375,7.625],"tintindex":0,"rotation":0,"texture":"#0"},"south":{"uv":[0.75,2.75,1.625,4.0],"tintindex":0,"rotation":0,"texture":"#0"},"north":{"uv":[2.75,0.0,3.625,1.25],"tintindex":0,"rotation":0,"texture":"#0"},"west":{"uv":[1.875,6.5,2.125,7.75],"tintindex":0,"rotation":0,"texture":"#0"},"up":{"uv":[5.25,7.625,4.375,7.375],"tintindex":0,"rotation":0,"texture":"#0"},"down":{"uv":[6.125,7.375,5.25,7.625],"tintindex":0,"rotation":0,"texture":"#0"}}}],"display":{"head":{"rotation":[0.0,0.0,0.0]},"firstperson_righthand":{"rotation":[0.0,0.0,0.0]},"thirdperson_lefthand":{"rotation":[0.0,-0.0,-0.0]},"firstperson_lefthand":{"rotation":[0.0,-0.0,-0.0]},"fixed":{"rotation":[0.0,0.0,0.0]},"ground":{"rotation":[0.0,0.0,0.0]},"thirdperson_righthand":{"rotation":[0.0,0.0,0.0]},"gui":{"rotation":[-150.0,-45.0,180.0]}}}