{"textures":{"0":"modelengine:entity/lady_of_the_forest","particle":"#0"},"elements":[{"from":[4.0,8.0,4.0],"to":[12.0,16.0,12.0],"faces":{"east":{"uv":[5.875,9.375,6.875,10.375],"tintindex":0,"rotation":0,"texture":"#0"},"south":{"uv":[5.875,10.375,6.875,11.375],"tintindex":0,"rotation":0,"texture":"#0"},"north":{"uv":[4.875,10.375,5.875,11.375],"tintindex":0,"rotation":0,"texture":"#0"},"west":{"uv":[5.875,11.375,6.875,12.375],"tintindex":0,"rotation":0,"texture":"#0"},"up":{"uv":[5.875,12.375,4.875,11.375],"tintindex":0,"rotation":0,"texture":"#0"},"down":{"uv":[5.875,9.375,4.875,10.375],"tintindex":0,"rotation":0,"texture":"#0"}}}],"display":{"head":{"rotation":[0.0,0.0,0.0]},"firstperson_righthand":{"rotation":[0.0,0.0,0.0]},"thirdperson_lefthand":{"rotation":[0.0,-0.0,-0.0]},"firstperson_lefthand":{"rotation":[0.0,-0.0,-0.0]},"fixed":{"rotation":[0.0,0.0,0.0]},"ground":{"rotation":[0.0,0.0,0.0]},"thirdperson_righthand":{"rotation":[0.0,0.0,0.0]},"gui":{"rotation":[-150.0,-45.0,180.0]}}}