{"textures":{"0":"modelengine:entity/lady_of_the_forest","particle":"#0"},"elements":[{"from":[6.5,-1.0,6.0],"to":[9.5,8.0,10.0],"faces":{"east":{"uv":[3.125,5.0,2.625,6.125],"tintindex":0,"rotation":0,"texture":"#0"},"south":{"uv":[1.125,6.25,0.75,7.375],"tintindex":0,"rotation":0,"texture":"#0"},"north":{"uv":[0.75,6.25,0.375,7.375],"tintindex":0,"rotation":0,"texture":"#0"},"west":{"uv":[2.625,5.0,2.125,6.125],"tintindex":0,"rotation":0,"texture":"#0"},"up":{"uv":[7.625,1.25,8.0,0.75],"tintindex":0,"rotation":0,"texture":"#0"},"down":{"uv":[7.625,3.25,8.0,3.75],"tintindex":0,"rotation":0,"texture":"#0"}}}],"display":{"head":{"rotation":[0.0,0.0,0.0]},"firstperson_righthand":{"rotation":[0.0,0.0,0.0]},"thirdperson_lefthand":{"rotation":[0.0,-0.0,-0.0]},"firstperson_lefthand":{"rotation":[0.0,-0.0,-0.0]},"fixed":{"rotation":[0.0,0.0,0.0]},"ground":{"rotation":[0.0,0.0,0.0]},"thirdperson_righthand":{"rotation":[0.0,0.0,0.0]},"gui":{"rotation":[-150.0,-45.0,180.0]}}}