{"textures":{"0":"modelengine:entity/lady_of_the_forest","particle":"#0"},"elements":[{"from":[7.0,0.0,5.0],"to":[9.0,8.0,8.0],"faces":{"east":{"uv":[1.875,6.5,1.5,7.5],"tintindex":0,"rotation":0,"texture":"#0"},"south":{"uv":[0.25,7.375,0.0,8.375],"tintindex":0,"rotation":0,"texture":"#0"},"north":{"uv":[1.375,7.25,1.125,8.25],"tintindex":0,"rotation":0,"texture":"#0"},"west":{"uv":[1.5,6.25,1.125,7.25],"tintindex":0,"rotation":0,"texture":"#0"},"up":{"uv":[6.5,5.125,6.75,4.75],"tintindex":0,"rotation":0,"texture":"#0"},"down":{"uv":[7.75,7.75,8.0,8.125],"tintindex":0,"rotation":0,"texture":"#0"}}}],"display":{"head":{"rotation":[0.0,0.0,0.0]},"firstperson_righthand":{"rotation":[0.0,0.0,0.0]},"thirdperson_lefthand":{"rotation":[0.0,-0.0,-0.0]},"firstperson_lefthand":{"rotation":[0.0,-0.0,-0.0]},"fixed":{"rotation":[0.0,0.0,0.0]},"ground":{"rotation":[0.0,0.0,0.0]},"thirdperson_righthand":{"rotation":[0.0,0.0,0.0]},"gui":{"rotation":[-150.0,-45.0,180.0]}}}