{"textures":{"0":"modelengine:entity/lady_of_the_forest","particle":"#0"},"elements":[{"from":[5.975,5.0,4.0],"to":[9.975,9.0,9.0],"faces":{"east":{"uv":[7.25,2.25,6.625,2.75],"tintindex":0,"rotation":0,"texture":"#0"},"south":{"uv":[7.5,7.0,7.0,7.5],"tintindex":0,"rotation":0,"texture":"#0"},"north":{"uv":[7.0,7.0,6.5,7.5],"tintindex":0,"rotation":0,"texture":"#0"},"west":{"uv":[7.125,6.5,6.5,7.0],"tintindex":0,"rotation":0,"texture":"#0"},"up":{"uv":[6.75,2.125,7.25,1.5],"tintindex":0,"rotation":0,"texture":"#0"},"down":{"uv":[6.75,4.75,7.25,5.375],"tintindex":0,"rotation":0,"texture":"#0"}}},{"from":[7.475,4.0,3.5],"to":[10.475,8.0,6.5],"faces":{"east":{"uv":[7.125,7.5,6.75,8.0],"tintindex":0,"rotation":0,"texture":"#0"},"south":{"uv":[6.75,7.5,6.375,8.0],"tintindex":0,"rotation":0,"texture":"#0"},"north":{"uv":[4.0,5.25,3.625,5.75],"tintindex":0,"rotation":0,"texture":"#0"},"west":{"uv":[7.875,5.75,7.5,6.25],"tintindex":0,"rotation":0,"texture":"#0"},"up":{"uv":[5.0,8.0,5.375,7.625],"tintindex":0,"rotation":0,"texture":"#0"},"down":{"uv":[7.625,5.0,8.0,5.375],"tintindex":0,"rotation":0,"texture":"#0"}},"rotation":{"origin":[8.975,6.0,5.0],"angle":-22.5,"axis":"z"}}],"display":{"head":{"rotation":[0.0,0.0,0.0]},"firstperson_righthand":{"rotation":[0.0,0.0,0.0]},"thirdperson_lefthand":{"rotation":[0.0,-0.0,-0.0]},"firstperson_lefthand":{"rotation":[0.0,-0.0,-0.0]},"fixed":{"rotation":[0.0,0.0,0.0]},"ground":{"rotation":[0.0,0.0,0.0]},"thirdperson_righthand":{"rotation":[0.0,0.0,0.0]},"gui":{"rotation":[-150.0,-45.0,180.0]}}}