{"textures":{"0":"modelengine:entity/lady_of_the_forest","particle":"#0"},"elements":[{"from":[4.5,-2.0,7.0],"to":[11.5,8.0,9.0],"faces":{"east":{"uv":[2.125,6.5,1.875,7.75],"tintindex":0,"rotation":0,"texture":"#0"},"south":{"uv":[1.625,2.75,0.75,4.0],"tintindex":0,"rotation":0,"texture":"#0"},"north":{"uv":[3.625,0.0,2.75,1.25],"tintindex":0,"rotation":0,"texture":"#0"},"west":{"uv":[4.375,6.375,4.125,7.625],"tintindex":0,"rotation":0,"texture":"#0"},"up":{"uv":[4.375,7.625,5.25,7.375],"tintindex":0,"rotation":0,"texture":"#0"},"down":{"uv":[5.25,7.375,6.125,7.625],"tintindex":0,"rotation":0,"texture":"#0"}}}],"display":{"head":{"rotation":[0.0,0.0,0.0]},"firstperson_righthand":{"rotation":[0.0,0.0,0.0]},"thirdperson_lefthand":{"rotation":[0.0,-0.0,-0.0]},"firstperson_lefthand":{"rotation":[0.0,-0.0,-0.0]},"fixed":{"rotation":[0.0,0.0,0.0]},"ground":{"rotation":[0.0,0.0,0.0]},"thirdperson_righthand":{"rotation":[0.0,0.0,0.0]},"gui":{"rotation":[-150.0,-45.0,180.0]}}}