{"textures":{"0":"modelengine:entity/lady_of_the_forest","particle":"#0"},"elements":[{"from":[6.0,8.0,6.0],"to":[10.0,16.0,10.0],"faces":{"east":{"uv":[1.0,5.25,0.5,6.25],"tintindex":0,"rotation":0,"texture":"#0"},"south":{"uv":[5.625,5.0,5.125,6.0],"tintindex":0,"rotation":0,"texture":"#0"},"north":{"uv":[5.5,3.0,5.0,4.0],"tintindex":0,"rotation":0,"texture":"#0"},"west":{"uv":[5.625,4.0,5.125,5.0],"tintindex":0,"rotation":0,"texture":"#0"},"up":{"uv":[4.375,7.375,4.875,6.875],"tintindex":0,"rotation":0,"texture":"#0"},"down":{"uv":[7.0,5.875,7.5,6.375],"tintindex":0,"rotation":0,"texture":"#0"}}},{"from":[6.5,16.0,6.0],"to":[9.5,19.0,13.0],"faces":{"east":{"uv":[7.375,4.375,6.5,4.75],"tintindex":0,"rotation":0,"texture":"#0"},"south":{"uv":[8.0,4.625,7.625,5.0],"tintindex":0,"rotation":0,"texture":"#0"},"north":{"uv":[5.0,7.625,4.625,8.0],"tintindex":0,"rotation":0,"texture":"#0"},"west":{"uv":[7.375,4.0,6.5,4.375],"tintindex":0,"rotation":0,"texture":"#0"},"up":{"uv":[5.0,7.375,5.375,6.5],"tintindex":0,"rotation":0,"texture":"#0"},"down":{"uv":[5.375,6.5,5.75,7.375],"tintindex":0,"rotation":0,"texture":"#0"}},"rotation":{"origin":[9.0,16.0,6.0],"angle":22.5,"axis":"x"}},{"from":[7.0,13.321217,10.467156],"to":[9.0,20.321217,12.467157],"faces":{"east":{"uv":[7.625,3.875,7.375,4.75],"tintindex":0,"rotation":0,"texture":"#0"},"south":{"uv":[3.625,7.375,3.375,8.25],"tintindex":0,"rotation":0,"texture":"#0"},"north":{"uv":[3.125,7.375,2.875,8.25],"tintindex":0,"rotation":0,"texture":"#0"},"west":{"uv":[3.375,7.375,3.125,8.25],"tintindex":0,"rotation":0,"texture":"#0"},"up":{"uv":[2.75,1.5,3.0,1.25],"tintindex":0,"rotation":0,"texture":"#0"},"down":{"uv":[5.375,1.5,5.625,1.75],"tintindex":0,"rotation":0,"texture":"#0"}},"rotation":{"origin":[9.0,13.321217,12.467157],"angle":45.0,"axis":"x"}},{"from":[8.0,18.185177,14.50269],"to":[8.0,22.185177,18.502691],"faces":{"east":{"uv":[5.625,7.75,6.125,8.25],"tintindex":0,"rotation":0,"texture":"#0"},"west":{"uv":[6.125,7.75,5.625,8.25],"tintindex":0,"rotation":0,"texture":"#0"}}}],"display":{"head":{"rotation":[0.0,0.0,0.0]},"firstperson_righthand":{"rotation":[0.0,0.0,0.0]},"thirdperson_lefthand":{"rotation":[0.0,-0.0,-0.0]},"firstperson_lefthand":{"rotation":[0.0,-0.0,-0.0]},"fixed":{"rotation":[0.0,0.0,0.0]},"ground":{"rotation":[0.0,0.0,0.0]},"thirdperson_righthand":{"rotation":[0.0,0.0,0.0]},"gui":{"rotation":[-150.0,-45.0,180.0]}}}