{"textures":{"0":"modelengine:entity/lady_of_the_forest","particle":"#0"},"elements":[{"from":[5.75,7.75,6.75],"to":[10.25,10.25,9.25],"faces":{"east":{"uv":[7.875,5.375,8.125,5.625],"tintindex":0,"rotation":0,"texture":"#0"},"south":{"uv":[7.625,6.5,8.125,6.75],"tintindex":0,"rotation":0,"texture":"#0"},"north":{"uv":[6.625,2.75,7.125,3.0],"tintindex":0,"rotation":0,"texture":"#0"},"west":{"uv":[7.875,5.625,8.125,5.875],"tintindex":0,"rotation":0,"texture":"#0"},"up":{"uv":[8.25,2.0,7.75,1.75],"tintindex":0,"rotation":0,"texture":"#0"},"down":{"uv":[8.25,2.0,7.75,2.25],"tintindex":0,"rotation":0,"texture":"#0"}},"rotation":{"origin":[8.0,9.0,8.0],"angle":-22.5,"axis":"x"}},{"from":[6.1,7.0,11.9],"to":[6.1,8.0,12.900002],"faces":{"east":{"uv":[5.0,5.75,5.125,5.875],"tintindex":0,"rotation":0,"texture":"#0"},"west":{"uv":[5.0,5.75,5.125,5.875],"tintindex":0,"rotation":0,"texture":"#0"}},"rotation":{"origin":[9.901,8.0,12.900002],"angle":45.0,"axis":"x"}},{"from":[6.0,8.0,7.0],"to":[10.0,10.0,13.0],"faces":{"east":{"uv":[7.5,6.875,8.25,7.125],"tintindex":0,"rotation":0,"texture":"#0"},"south":{"uv":[6.125,5.75,6.625,6.0],"tintindex":0,"rotation":0,"texture":"#0"},"north":{"uv":[6.125,2.25,6.625,2.5],"tintindex":0,"rotation":0,"texture":"#0"},"west":{"uv":[7.125,7.5,7.875,7.75],"tintindex":0,"rotation":0,"texture":"#0"},"up":{"uv":[3.625,7.0,3.125,6.25],"tintindex":0,"rotation":0,"texture":"#0"},"down":{"uv":[6.875,0.0,6.375,0.75],"tintindex":0,"rotation":0,"texture":"#0"}}},{"from":[9.9,7.0,11.9],"to":[9.9,8.0,12.900002],"faces":{"east":{"uv":[5.0,5.75,5.125,5.875],"tintindex":0,"rotation":0,"texture":"#0"},"west":{"uv":[5.0,5.75,5.125,5.875],"tintindex":0,"rotation":0,"texture":"#0"}},"rotation":{"origin":[9.901,8.0,12.900002],"angle":45.0,"axis":"x"}}],"display":{"head":{"rotation":[0.0,0.0,0.0]},"firstperson_righthand":{"rotation":[0.0,0.0,0.0]},"thirdperson_lefthand":{"rotation":[0.0,-0.0,-0.0]},"firstperson_lefthand":{"rotation":[0.0,-0.0,-0.0]},"fixed":{"rotation":[0.0,0.0,0.0]},"ground":{"rotation":[0.0,0.0,0.0]},"thirdperson_righthand":{"rotation":[0.0,0.0,0.0]},"gui":{"rotation":[-150.0,-45.0,180.0]}}}