{"textures":{"0":"modelengine:entity/lady_of_the_forest","particle":"#0"},"elements":[{"from":[9.0,4.0,8.0],"to":[12.0,9.0,8.0],"faces":{"south":{"uv":[7.625,3.25,7.25,3.875],"tintindex":0,"rotation":0,"texture":"#0"},"north":{"uv":[7.25,3.25,7.625,3.875],"tintindex":0,"rotation":0,"texture":"#0"}},"rotation":{"origin":[9.5,7.0,8.0],"angle":22.5,"axis":"z"}},{"from":[8.0,3.0,8.5],"to":[8.0,7.0,10.5],"faces":{"east":{"uv":[8.0,2.25,7.75,2.75],"tintindex":0,"rotation":0,"texture":"#0"},"west":{"uv":[7.75,2.25,8.0,2.75],"tintindex":0,"rotation":0,"texture":"#0"}},"rotation":{"origin":[8.0,6.0,9.0],"angle":-45.0,"axis":"x"}},{"from":[6.5,2.0,7.0],"to":[9.5,9.0,9.0],"faces":{"east":{"uv":[6.125,7.375,6.375,8.25],"tintindex":0,"rotation":0,"texture":"#0"},"south":{"uv":[6.125,6.5,6.5,7.375],"tintindex":0,"rotation":0,"texture":"#0"},"north":{"uv":[5.75,6.5,6.125,7.375],"tintindex":0,"rotation":0,"texture":"#0"},"west":{"uv":[1.375,7.5,1.625,8.375],"tintindex":0,"rotation":0,"texture":"#0"},"up":{"uv":[8.125,3.25,7.75,3.0],"tintindex":0,"rotation":0,"texture":"#0"},"down":{"uv":[7.75,7.75,7.375,8.0],"tintindex":0,"rotation":0,"texture":"#0"}}},{"from":[4.0,4.0,8.0],"to":[7.0,9.0,8.0],"faces":{"south":{"uv":[7.25,3.25,7.625,3.875],"tintindex":0,"rotation":0,"texture":"#0"},"north":{"uv":[7.625,3.25,7.25,3.875],"tintindex":0,"rotation":0,"texture":"#0"}},"rotation":{"origin":[6.5,7.0,8.0],"angle":-22.5,"axis":"z"}}],"display":{"head":{"rotation":[0.0,0.0,0.0]},"firstperson_righthand":{"rotation":[0.0,0.0,0.0]},"thirdperson_lefthand":{"rotation":[0.0,-0.0,-0.0]},"firstperson_lefthand":{"rotation":[0.0,-0.0,-0.0]},"fixed":{"rotation":[0.0,0.0,0.0]},"ground":{"rotation":[0.0,0.0,0.0]},"thirdperson_righthand":{"rotation":[0.0,0.0,0.0]},"gui":{"rotation":[-150.0,-45.0,180.0]}}}