{"textures":{"0":"modelengine:entity/lady_of_the_forest","particle":"#0"},"elements":[{"from":[6.0,6.0,8.0],"to":[10.0,10.0,16.0],"faces":{"east":{"uv":[5.5,3.5,6.5,4.0],"tintindex":0,"rotation":0,"texture":"#0"},"south":{"uv":[7.25,2.75,7.75,3.25],"tintindex":0,"rotation":0,"texture":"#0"},"north":{"uv":[7.25,2.25,7.75,2.75],"tintindex":0,"rotation":0,"texture":"#0"},"west":{"uv":[5.625,2.5,6.625,3.0],"tintindex":0,"rotation":0,"texture":"#0"},"up":{"uv":[6.125,5.0,5.625,4.0],"tintindex":0,"rotation":0,"texture":"#0"},"down":{"uv":[6.125,5.0,5.625,6.0],"tintindex":0,"rotation":0,"texture":"#0"}}},{"from":[10.0,8.0,12.0],"to":[11.0,8.0,14.0],"faces":{"up":{"uv":[4.5,6.0,4.375,5.75],"tintindex":0,"rotation":0,"texture":"#0"},"down":{"uv":[4.5,5.75,4.375,6.0],"tintindex":0,"rotation":0,"texture":"#0"}},"rotation":{"origin":[10.0,8.0,14.0],"angle":22.5,"axis":"y"}},{"from":[5.0,8.0,13.0],"to":[6.0,8.0,15.0],"faces":{"up":{"uv":[5.125,5.5,5.0,5.25],"tintindex":0,"rotation":0,"texture":"#0"},"down":{"uv":[5.125,5.25,5.0,5.5],"tintindex":0,"rotation":0,"texture":"#0"}},"rotation":{"origin":[6.0,8.0,15.0],"angle":-22.5,"axis":"y"}},{"from":[9.0,5.0,9.0],"to":[9.0,6.0,11.0],"faces":{"east":{"uv":[7.875,5.875,8.125,6.0],"tintindex":0,"rotation":0,"texture":"#0"},"west":{"uv":[8.125,5.875,7.875,6.0],"tintindex":0,"rotation":0,"texture":"#0"}},"rotation":{"origin":[9.0,6.0,11.0],"angle":22.5,"axis":"x"}}],"display":{"head":{"rotation":[0.0,0.0,0.0]},"firstperson_righthand":{"rotation":[0.0,0.0,0.0]},"thirdperson_lefthand":{"rotation":[0.0,-0.0,-0.0]},"firstperson_lefthand":{"rotation":[0.0,-0.0,-0.0]},"fixed":{"rotation":[0.0,0.0,0.0]},"ground":{"rotation":[0.0,0.0,0.0]},"thirdperson_righthand":{"rotation":[0.0,0.0,0.0]},"gui":{"rotation":[-150.0,-45.0,180.0]}}}