{"textures":{"0":"modelengine:entity/lady_of_the_forest","particle":"#0"},"elements":[{"from":[8.0,5.0,12.0],"to":[8.0,6.0,14.0],"faces":{"east":{"uv":[7.125,6.875,7.375,7.0],"tintindex":0,"rotation":0,"texture":"#0"},"west":{"uv":[7.375,6.875,7.125,7.0],"tintindex":0,"rotation":0,"texture":"#0"}},"rotation":{"origin":[8.0,6.0,14.0],"angle":22.5,"axis":"x"}},{"from":[10.0,7.0,9.0],"to":[11.0,7.0,11.0],"faces":{"up":{"uv":[2.25,4.75,2.125,4.5],"tintindex":0,"rotation":0,"texture":"#0"},"down":{"uv":[2.25,4.5,2.125,4.75],"tintindex":0,"rotation":0,"texture":"#0"}},"rotation":{"origin":[10.0,7.0,11.0],"angle":22.5,"axis":"y"}},{"from":[6.0,6.0,8.0],"to":[10.0,10.0,16.0],"faces":{"east":{"uv":[5.375,1.0,6.375,1.5],"tintindex":0,"rotation":0,"texture":"#0"},"south":{"uv":[7.25,1.75,7.75,2.25],"tintindex":0,"rotation":0,"texture":"#0"},"north":{"uv":[7.25,1.25,7.75,1.75],"tintindex":0,"rotation":0,"texture":"#0"},"west":{"uv":[5.5,3.0,6.5,3.5],"tintindex":0,"rotation":0,"texture":"#0"},"up":{"uv":[5.0,6.25,4.5,5.25],"tintindex":0,"rotation":0,"texture":"#0"},"down":{"uv":[6.125,1.5,5.625,2.5],"tintindex":0,"rotation":0,"texture":"#0"}}}],"display":{"head":{"rotation":[0.0,0.0,0.0]},"firstperson_righthand":{"rotation":[0.0,0.0,0.0]},"thirdperson_lefthand":{"rotation":[0.0,-0.0,-0.0]},"firstperson_lefthand":{"rotation":[0.0,-0.0,-0.0]},"fixed":{"rotation":[0.0,0.0,0.0]},"ground":{"rotation":[0.0,0.0,0.0]},"thirdperson_righthand":{"rotation":[0.0,0.0,0.0]},"gui":{"rotation":[-150.0,-45.0,180.0]}}}