{"textures":{"0":"modelengine:entity/lady_of_the_forest","particle":"#0"},"elements":[{"from":[4.975,7.975,5.475],"to":[11.025,18.025,10.525],"faces":{"east":{"uv":[1.5,4.5,2.125,5.75],"tintindex":0,"rotation":0,"texture":"#0"},"south":{"uv":[3.25,4.0,4.0,5.25],"tintindex":0,"rotation":0,"texture":"#0"},"north":{"uv":[0.75,4.0,1.5,5.25],"tintindex":0,"rotation":0,"texture":"#0"},"west":{"uv":[4.5,4.0,5.125,5.25],"tintindex":0,"rotation":0,"texture":"#0"},"up":{"uv":[3.0,3.875,2.25,3.25],"tintindex":0,"rotation":0,"texture":"#0"},"down":{"uv":[4.375,5.75,3.625,6.375],"tintindex":0,"rotation":0,"texture":"#0"}}},{"from":[-1.25,15.75,5.75],"to":[5.25,19.25,10.25],"faces":{"east":{"uv":[8.125,3.75,7.625,4.125],"tintindex":0,"rotation":0,"texture":"#0"},"south":{"uv":[3.625,7.0,2.875,7.375],"tintindex":0,"rotation":0,"texture":"#0"},"north":{"uv":[2.875,7.0,2.125,7.375],"tintindex":0,"rotation":0,"texture":"#0"},"west":{"uv":[4.125,7.625,3.625,8.0],"tintindex":0,"rotation":0,"texture":"#0"},"up":{"uv":[6.5,3.5,7.25,3.0],"tintindex":0,"rotation":0,"texture":"#0"},"down":{"uv":[6.5,3.5,7.25,4.0],"tintindex":0,"rotation":0,"texture":"#0"}},"rotation":{"origin":[5.0,16.0,8.0],"angle":-22.5,"axis":"z"}},{"from":[10.75,15.75,5.75],"to":[17.25,19.25,10.25],"faces":{"east":{"uv":[3.625,7.625,4.125,8.0],"tintindex":0,"rotation":0,"texture":"#0"},"south":{"uv":[2.875,7.0,3.625,7.375],"tintindex":0,"rotation":0,"texture":"#0"},"north":{"uv":[2.125,7.0,2.875,7.375],"tintindex":0,"rotation":0,"texture":"#0"},"west":{"uv":[7.625,3.75,8.125,4.125],"tintindex":0,"rotation":0,"texture":"#0"},"up":{"uv":[7.25,3.5,6.5,3.0],"tintindex":0,"rotation":0,"texture":"#0"},"down":{"uv":[7.25,3.5,6.5,4.0],"tintindex":0,"rotation":0,"texture":"#0"}},"rotation":{"origin":[11.0,16.0,8.0],"angle":22.5,"axis":"z"}}],"display":{"head":{"rotation":[0.0,0.0,0.0]},"firstperson_righthand":{"rotation":[0.0,0.0,0.0]},"thirdperson_lefthand":{"rotation":[0.0,-0.0,-0.0]},"firstperson_lefthand":{"rotation":[0.0,-0.0,-0.0]},"fixed":{"rotation":[0.0,0.0,0.0]},"ground":{"rotation":[0.0,0.0,0.0]},"thirdperson_righthand":{"rotation":[0.0,0.0,0.0]},"gui":{"rotation":[-150.0,-45.0,180.0]}}}