{"textures":{"0":"modelengine:entity/root_spike","particle":"#0"},"elements":[{"from":[5.6666665,8.0,8.0],"to":[7.0,12.333334,8.0],"faces":{"south":{"uv":[11.25,0.0,10.25,3.25],"tintindex":0,"rotation":0,"texture":"#0"},"north":{"uv":[10.25,0.0,11.25,3.25],"tintindex":0,"rotation":0,"texture":"#0"}},"rotation":{"origin":[6.6666665,9.5,8.0],"angle":22.5,"axis":"z"}},{"from":[8.0,12.333334,9.0],"to":[8.0,16.0,10.0],"faces":{"east":{"uv":[4.25,10.5,3.5,13.25],"tintindex":0,"rotation":0,"texture":"#0"},"west":{"uv":[3.5,10.5,4.25,13.25],"tintindex":0,"rotation":0,"texture":"#0"}},"rotation":{"origin":[8.0,13.333334,9.666667],"angle":22.5,"axis":"x"}},{"from":[8.0,7.3333335,8.666667],"to":[8.0,10.333334,11.333334],"faces":{"east":{"uv":[9.25,8.25,7.25,10.5],"tintindex":0,"rotation":0,"texture":"#0"},"west":{"uv":[7.25,8.25,9.25,10.5],"tintindex":0,"rotation":0,"texture":"#0"}},"rotation":{"origin":[8.0,8.0,9.666667],"angle":-22.5,"axis":"x"}},{"from":[9.333333,7.0,7.0],"to":[10.666667,11.333334,7.0],"faces":{"south":{"uv":[10.25,0.0,11.25,3.25],"tintindex":0,"rotation":0,"texture":"#0"},"north":{"uv":[11.25,0.0,10.25,3.25],"tintindex":0,"rotation":0,"texture":"#0"}},"rotation":{"origin":[9.333333,9.5,8.0],"angle":-45.0,"axis":"z"}},{"from":[8.0,15.666667,6.0],"to":[8.0,19.333334,7.0],"faces":{"east":{"uv":[3.5,10.5,4.25,13.25],"tintindex":0,"rotation":0,"texture":"#0"},"west":{"uv":[4.25,10.5,3.5,13.25],"tintindex":0,"rotation":0,"texture":"#0"}},"rotation":{"origin":[8.0,16.666668,6.333333],"angle":-22.5,"axis":"x"}},{"from":[9.333333,9.333333,8.333333],"to":[10.333334,11.333334,8.333333],"faces":{"south":{"uv":[6.75,10.5,7.5,12.0],"tintindex":0,"rotation":0,"texture":"#0"},"north":{"uv":[7.5,10.5,6.75,12.0],"tintindex":0,"rotation":0,"texture":"#0"}}},{"from":[7.3333335,18.333334,8.0],"to":[7.3333335,22.0,9.666667],"faces":{"east":{"uv":[10.5,7.75,9.25,10.5],"tintindex":0,"rotation":0,"texture":"#0"},"west":{"uv":[9.25,7.75,10.5,10.5],"tintindex":0,"rotation":0,"texture":"#0"}}},{"from":[6.6666665,8.0,6.333333],"to":[9.333333,13.333334,9.666667],"faces":{"east":{"uv":[0.0,0.0,2.5,4.0],"tintindex":0,"rotation":0,"texture":"#0"},"south":{"uv":[2.0,4.0,4.0,8.0],"tintindex":0,"rotation":0,"texture":"#0"},"north":{"uv":[0.0,4.0,2.0,8.0],"tintindex":0,"rotation":0,"texture":"#0"},"west":{"uv":[2.5,0.0,5.0,4.0],"tintindex":0,"rotation":0,"texture":"#0"},"up":{"uv":[3.25,10.5,1.25,8.0],"tintindex":0,"rotation":0,"texture":"#0"},"down":{"uv":[5.25,8.0,3.25,10.5],"tintindex":0,"rotation":0,"texture":"#0"}}},{"from":[8.0,18.666668,7.0],"to":[8.0,24.333334,8.666667],"faces":{"east":{"uv":[1.25,8.0,0.0,12.25],"tintindex":0,"rotation":0,"texture":"#0"},"west":{"uv":[0.0,8.0,1.25,12.25],"tintindex":0,"rotation":0,"texture":"#0"}}},{"from":[8.666667,18.666668,7.3333335],"to":[8.666667,22.333334,9.0],"faces":{"east":{"uv":[10.5,7.75,9.25,10.5],"tintindex":0,"rotation":0,"texture":"#0"},"west":{"uv":[9.25,7.75,10.5,10.5],"tintindex":0,"rotation":0,"texture":"#0"}}},{"from":[6.0,12.333334,8.0],"to":[7.0,14.333334,8.0],"faces":{"south":{"uv":[7.5,10.5,6.75,12.0],"tintindex":0,"rotation":0,"texture":"#0"},"north":{"uv":[6.75,10.5,7.5,12.0],"tintindex":0,"rotation":0,"texture":"#0"}},"rotation":{"origin":[6.6666665,13.333334,8.0],"angle":-22.5,"axis":"z"}},{"from":[8.0,8.0,5.333333],"to":[8.0,11.0,6.333333],"faces":{"east":{"uv":[11.25,6.5,10.5,8.75],"tintindex":0,"rotation":0,"texture":"#0"},"west":{"uv":[10.5,6.5,11.25,8.75],"tintindex":0,"rotation":0,"texture":"#0"}},"rotation":{"origin":[8.0,8.666667,6.333333],"angle":-22.5,"axis":"x"}},{"from":[7.0,13.333334,6.6666665],"to":[9.0,18.666668,9.333333],"faces":{"east":{"uv":[4.0,4.0,6.0,8.0],"tintindex":0,"rotation":0,"texture":"#0"},"south":{"uv":[7.0,0.0,8.5,4.0],"tintindex":0,"rotation":0,"texture":"#0"},"north":{"uv":[6.0,4.0,7.5,8.0],"tintindex":0,"rotation":0,"texture":"#0"},"west":{"uv":[5.0,0.0,7.0,4.0],"tintindex":0,"rotation":0,"texture":"#0"},"up":{"uv":[6.75,12.25,5.25,10.25],"tintindex":0,"rotation":0,"texture":"#0"},"down":{"uv":[2.75,10.5,1.25,12.5],"tintindex":0,"rotation":0,"texture":"#0"}}},{"from":[8.0,11.666667,5.333333],"to":[8.0,15.0,7.3333335],"faces":{"east":{"uv":[10.25,2.5,8.75,5.0],"tintindex":0,"rotation":0,"texture":"#0"},"west":{"uv":[8.75,2.5,10.25,5.0],"tintindex":0,"rotation":0,"texture":"#0"}},"rotation":{"origin":[8.0,13.333334,6.6666665],"angle":22.5,"axis":"x"}}],"display":{"head":{"rotation":[0.0,0.0,0.0]},"firstperson_righthand":{"rotation":[0.0,0.0,0.0]},"thirdperson_lefthand":{"rotation":[0.0,-0.0,-0.0]},"firstperson_lefthand":{"rotation":[0.0,-0.0,-0.0]},"fixed":{"rotation":[0.0,0.0,0.0]},"ground":{"rotation":[0.0,0.0,0.0]},"thirdperson_righthand":{"rotation":[0.0,0.0,0.0]},"gui":{"rotation":[-150.0,-45.0,180.0]}}}