{"textures":{"0":"modelengine:entity/rooted_warrior","particle":"#0"},"elements":[{"from":[4.0,8.0,4.0],"to":[12.0,16.0,12.0],"faces":{"east":{"uv":[8.75,3.875,9.75,4.875],"tintindex":0,"rotation":0,"texture":"#0"},"south":{"uv":[5.25,8.75,6.25,9.75],"tintindex":0,"rotation":0,"texture":"#0"},"north":{"uv":[0.0,8.75,1.0,9.75],"tintindex":0,"rotation":0,"texture":"#0"},"west":{"uv":[6.25,8.875,7.25,9.875],"tintindex":0,"rotation":0,"texture":"#0"},"up":{"uv":[8.25,9.875,7.25,8.875],"tintindex":0,"rotation":0,"texture":"#0"},"down":{"uv":[9.25,8.875,8.25,9.875],"tintindex":0,"rotation":0,"texture":"#0"}}}],"display":{"head":{"rotation":[0.0,0.0,0.0]},"firstperson_righthand":{"rotation":[0.0,0.0,0.0]},"thirdperson_lefthand":{"rotation":[0.0,-0.0,-0.0]},"firstperson_lefthand":{"rotation":[0.0,-0.0,-0.0]},"fixed":{"rotation":[0.0,0.0,0.0]},"ground":{"rotation":[0.0,0.0,0.0]},"thirdperson_righthand":{"rotation":[0.0,0.0,0.0]},"gui":{"rotation":[-150.0,-45.0,180.0]}}}