{"textures":{"0":"modelengine:entity/rooted_warrior","particle":"#0"},"elements":[{"from":[13.437477,9.117331,6.0],"to":[15.437477,17.11733,6.0],"faces":{"south":{"uv":[8.375,11.75,8.125,12.75],"tintindex":0,"rotation":0,"texture":"#0"},"north":{"uv":[8.125,11.75,8.375,12.75],"tintindex":0,"rotation":0,"texture":"#0"}},"rotation":{"origin":[13.437477,13.117331,6.0],"angle":-45.0,"axis":"z"}},{"from":[13.0,13.0,4.0],"to":[16.0,23.0,12.0],"faces":{"east":{"uv":[8.75,4.25,7.75,5.5],"tintindex":0,"rotation":0,"texture":"#0"},"south":{"uv":[11.5,3.125,11.125,4.375],"tintindex":0,"rotation":0,"texture":"#0"},"north":{"uv":[11.375,7.125,11.0,8.375],"tintindex":0,"rotation":0,"texture":"#0"},"west":{"uv":[8.75,3.0,7.75,4.25],"tintindex":0,"rotation":0,"texture":"#0"},"up":{"uv":[5.125,7.375,5.5,6.375],"tintindex":0,"rotation":0,"texture":"#0"},"down":{"uv":[9.75,11.5,10.125,12.5],"tintindex":0,"rotation":0,"texture":"#0"}},"rotation":{"origin":[12.5,20.0,8.0],"angle":-22.5,"axis":"z"}},{"from":[7.975,7.975,8.475],"to":[8.025,18.025,16.525],"faces":{"east":{"uv":[3.0,8.0,2.0,9.25],"tintindex":0,"rotation":0,"texture":"#0"},"south":{"uv":[15.875,15.875,16.0,16.0],"tintindex":0,"rotation":0,"texture":"#0"},"north":{"uv":[15.875,15.875,16.0,16.0],"tintindex":0,"rotation":0,"texture":"#0"},"west":{"uv":[2.0,8.0,3.0,9.25],"tintindex":0,"rotation":0,"texture":"#0"},"up":{"uv":[15.875,15.875,16.0,16.0],"tintindex":0,"rotation":0,"texture":"#0"},"down":{"uv":[15.875,15.875,16.0,16.0],"tintindex":0,"rotation":0,"texture":"#0"}},"rotation":{"origin":[8.0,11.5,12.5],"angle":22.5,"axis":"x"}},{"from":[0.5625224,9.117331,6.0],"to":[2.5625224,17.11733,6.0],"faces":{"south":{"uv":[8.125,11.75,8.375,12.75],"tintindex":0,"rotation":0,"texture":"#0"},"north":{"uv":[8.375,11.75,8.125,12.75],"tintindex":0,"rotation":0,"texture":"#0"}},"rotation":{"origin":[2.5625224,13.117331,6.0],"angle":45.0,"axis":"z"}},{"from":[3.5,4.0,3.5],"to":[12.5,17.0,12.5],"faces":{"east":{"uv":[5.5,4.375,6.625,6.0],"tintindex":0,"rotation":0,"texture":"#0"},"south":{"uv":[0.0,5.75,1.125,7.375],"tintindex":0,"rotation":0,"texture":"#0"},"north":{"uv":[5.375,0.0,6.5,1.625],"tintindex":0,"rotation":0,"texture":"#0"},"west":{"uv":[5.5,6.0,6.625,7.625],"tintindex":0,"rotation":0,"texture":"#0"},"up":{"uv":[5.5,8.5,4.375,7.375],"tintindex":0,"rotation":0,"texture":"#0"},"down":{"uv":[6.625,7.625,5.5,8.75],"tintindex":0,"rotation":0,"texture":"#0"}}},{"from":[11.918648,18.118357,9.0],"to":[13.918648,25.118357,9.0],"faces":{"south":{"uv":[0.0,12.0,0.25,12.875],"tintindex":0,"rotation":0,"texture":"#0"},"north":{"uv":[0.25,12.0,0.0,12.875],"tintindex":0,"rotation":0,"texture":"#0"}},"rotation":{"origin":[13.918648,22.118357,10.0],"angle":-45.0,"axis":"z"}},{"from":[2.0813518,18.118357,9.0],"to":[4.0813518,25.118357,9.0],"faces":{"south":{"uv":[0.25,12.0,0.0,12.875],"tintindex":0,"rotation":0,"texture":"#0"},"north":{"uv":[0.0,12.0,0.25,12.875],"tintindex":0,"rotation":0,"texture":"#0"}},"rotation":{"origin":[2.0813518,22.118357,10.0],"angle":45.0,"axis":"z"}},{"from":[0.0,13.0,4.0],"to":[3.0,23.0,12.0],"faces":{"east":{"uv":[7.75,3.0,8.75,4.25],"tintindex":0,"rotation":0,"texture":"#0"},"south":{"uv":[11.125,3.125,11.5,4.375],"tintindex":0,"rotation":0,"texture":"#0"},"north":{"uv":[11.0,7.125,11.375,8.375],"tintindex":0,"rotation":0,"texture":"#0"},"west":{"uv":[7.75,4.25,8.75,5.5],"tintindex":0,"rotation":0,"texture":"#0"},"up":{"uv":[5.5,7.375,5.125,6.375],"tintindex":0,"rotation":0,"texture":"#0"},"down":{"uv":[10.125,11.5,9.75,12.5],"tintindex":0,"rotation":0,"texture":"#0"}},"rotation":{"origin":[3.5,20.0,8.0],"angle":22.5,"axis":"z"}}],"display":{"head":{"rotation":[0.0,0.0,0.0]},"firstperson_righthand":{"rotation":[0.0,0.0,0.0]},"thirdperson_lefthand":{"rotation":[0.0,-0.0,-0.0]},"firstperson_lefthand":{"rotation":[0.0,-0.0,-0.0]},"fixed":{"rotation":[0.0,0.0,0.0]},"ground":{"rotation":[0.0,0.0,0.0]},"thirdperson_righthand":{"rotation":[0.0,0.0,0.0]},"gui":{"rotation":[-150.0,-45.0,180.0]}}}