{"textures":{"0":"modelengine:entity/rooted_warrior","particle":"#0"},"elements":[{"from":[2.475,7.975,13.475],"to":[5.525,12.025,22.525],"faces":{"east":{"uv":[10.875,2.625,12.0,3.125],"tintindex":0,"rotation":0,"texture":"#0"},"south":{"uv":[3.25,12.25,3.625,12.75],"tintindex":0,"rotation":0,"texture":"#0"},"north":{"uv":[2.875,12.25,3.25,12.75],"tintindex":0,"rotation":0,"texture":"#0"},"west":{"uv":[10.875,6.625,12.0,7.125],"tintindex":0,"rotation":0,"texture":"#0"},"up":{"uv":[2.5,12.625,2.125,11.5],"tintindex":0,"rotation":0,"texture":"#0"},"down":{"uv":[11.875,3.125,11.5,4.25],"tintindex":0,"rotation":0,"texture":"#0"}},"rotation":{"origin":[5.5,12.0,13.5],"angle":-45.0,"axis":"y"}},{"from":[13.5,8.0,4.5],"to":[15.5,11.0,11.5],"faces":{"east":{"uv":[12.75,3.125,11.875,3.5],"tintindex":0,"rotation":0,"texture":"#0"},"south":{"uv":[4.375,12.375,4.125,12.75],"tintindex":0,"rotation":0,"texture":"#0"},"north":{"uv":[12.625,4.0,12.375,4.375],"tintindex":0,"rotation":0,"texture":"#0"},"west":{"uv":[3.75,11.875,2.875,12.25],"tintindex":0,"rotation":0,"texture":"#0"},"up":{"uv":[12.0,1.375,12.25,0.5],"tintindex":0,"rotation":0,"texture":"#0"},"down":{"uv":[6.75,12.0,7.0,12.875],"tintindex":0,"rotation":0,"texture":"#0"}},"rotation":{"origin":[13.5,8.0,5.5],"angle":22.5,"axis":"y"}},{"from":[2.5,8.0,2.5],"to":[13.5,20.0,13.5],"faces":{"east":{"uv":[1.375,4.875,2.75,6.375],"tintindex":0,"rotation":0,"texture":"#0"},"south":{"uv":[2.75,4.875,4.125,6.375],"tintindex":0,"rotation":0,"texture":"#0"},"north":{"uv":[0.0,4.25,1.375,5.75],"tintindex":0,"rotation":0,"texture":"#0"},"west":{"uv":[4.125,4.875,5.5,6.375],"tintindex":0,"rotation":0,"texture":"#0"},"up":{"uv":[6.5,3.0,5.125,1.625],"tintindex":0,"rotation":0,"texture":"#0"},"down":{"uv":[6.5,3.0,5.125,4.375],"tintindex":0,"rotation":0,"texture":"#0"}}},{"from":[6.5,16.0,-0.5],"to":[9.5,23.0,2.5],"faces":{"east":{"uv":[7.75,11.75,8.125,12.625],"tintindex":0,"rotation":0,"texture":"#0"},"south":{"uv":[10.875,11.75,11.25,12.625],"tintindex":0,"rotation":0,"texture":"#0"},"north":{"uv":[0.875,11.625,1.25,12.5],"tintindex":0,"rotation":0,"texture":"#0"},"west":{"uv":[11.75,11.0,12.125,11.875],"tintindex":0,"rotation":0,"texture":"#0"},"up":{"uv":[12.625,9.125,12.25,8.75],"tintindex":0,"rotation":0,"texture":"#0"},"down":{"uv":[12.5,12.25,12.125,12.625],"tintindex":0,"rotation":0,"texture":"#0"}},"rotation":{"origin":[9.5,16.0,2.5],"angle":22.5,"axis":"x"}},{"from":[8.0,-6.621479,1.4029546],"to":[8.0,3.3785214,5.402955],"faces":{"east":{"uv":[0.5,10.75,0.0,12.0],"tintindex":0,"rotation":0,"texture":"#0"},"west":{"uv":[0.0,10.75,0.5,12.0],"tintindex":0,"rotation":0,"texture":"#0"}},"rotation":{"origin":[8.001,3.3785214,5.402955],"angle":22.5,"axis":"x"}},{"from":[8.0,20.615208,0.4071455],"to":[8.0,27.615208,3.4071455],"faces":{"east":{"uv":[2.875,11.875,2.5,12.75],"tintindex":0,"rotation":0,"texture":"#0"},"west":{"uv":[2.5,11.875,2.875,12.75],"tintindex":0,"rotation":0,"texture":"#0"}},"rotation":{"origin":[8.0,23.615208,2.4071455],"angle":-22.5,"axis":"x"}},{"from":[8.0,13.010462,13.502081],"to":[8.0,19.010464,18.50208],"faces":{"east":{"uv":[11.125,11.0,11.75,11.75],"tintindex":0,"rotation":0,"texture":"#0"},"west":{"uv":[11.75,11.0,11.125,11.75],"tintindex":0,"rotation":0,"texture":"#0"}}},{"from":[10.475,7.975,13.475],"to":[13.525,12.025,22.525],"faces":{"east":{"uv":[12.0,6.625,10.875,7.125],"tintindex":0,"rotation":0,"texture":"#0"},"south":{"uv":[3.625,12.25,3.25,12.75],"tintindex":0,"rotation":0,"texture":"#0"},"north":{"uv":[3.25,12.25,2.875,12.75],"tintindex":0,"rotation":0,"texture":"#0"},"west":{"uv":[12.0,2.625,10.875,3.125],"tintindex":0,"rotation":0,"texture":"#0"},"up":{"uv":[2.125,12.625,2.5,11.5],"tintindex":0,"rotation":0,"texture":"#0"},"down":{"uv":[11.5,3.125,11.875,4.25],"tintindex":0,"rotation":0,"texture":"#0"}},"rotation":{"origin":[10.5,12.0,13.5],"angle":45.0,"axis":"y"}},{"from":[6.5,3.0,-1.5],"to":[9.5,13.0,2.5],"faces":{"east":{"uv":[2.75,10.625,3.25,11.875],"tintindex":0,"rotation":0,"texture":"#0"},"south":{"uv":[8.375,11.25,8.75,12.5],"tintindex":0,"rotation":0,"texture":"#0"},"north":{"uv":[9.375,11.125,9.75,12.375],"tintindex":0,"rotation":0,"texture":"#0"},"west":{"uv":[3.25,10.625,3.75,11.875],"tintindex":0,"rotation":0,"texture":"#0"},"up":{"uv":[12.625,5.125,12.25,4.625],"tintindex":0,"rotation":0,"texture":"#0"},"down":{"uv":[12.625,5.875,12.25,6.375],"tintindex":0,"rotation":0,"texture":"#0"}},"rotation":{"origin":[10.5,13.0,2.5],"angle":-22.5,"axis":"x"}},{"from":[0.5,8.0,4.5],"to":[2.5,11.0,11.5],"faces":{"east":{"uv":[2.875,11.875,3.75,12.25],"tintindex":0,"rotation":0,"texture":"#0"},"south":{"uv":[4.125,12.375,4.375,12.75],"tintindex":0,"rotation":0,"texture":"#0"},"north":{"uv":[12.375,4.0,12.625,4.375],"tintindex":0,"rotation":0,"texture":"#0"},"west":{"uv":[11.875,3.125,12.75,3.5],"tintindex":0,"rotation":0,"texture":"#0"},"up":{"uv":[12.25,1.375,12.0,0.5],"tintindex":0,"rotation":0,"texture":"#0"},"down":{"uv":[7.0,12.0,6.75,12.875],"tintindex":0,"rotation":0,"texture":"#0"}},"rotation":{"origin":[2.5,8.0,5.5],"angle":-22.5,"axis":"y"}}],"display":{"head":{"rotation":[0.0,0.0,0.0]},"firstperson_righthand":{"rotation":[0.0,0.0,0.0]},"thirdperson_lefthand":{"rotation":[0.0,-0.0,-0.0]},"firstperson_lefthand":{"rotation":[0.0,-0.0,-0.0]},"fixed":{"rotation":[0.0,0.0,0.0]},"ground":{"rotation":[0.0,0.0,0.0]},"thirdperson_righthand":{"rotation":[0.0,0.0,0.0]},"gui":{"rotation":[-150.0,-45.0,180.0]}}}