{"textures":{"0":"modelengine:entity/rooted_warrior","particle":"#0"},"elements":[{"from":[7.5,6.75,-8.0],"to":[8.5,9.25,8.0],"faces":{"east":{"uv":[0.0,15.375,4.0,16.0],"tintindex":0,"rotation":0,"texture":"#0"},"south":{"uv":[15.875,15.875,16.0,16.0],"tintindex":0,"rotation":0,"texture":"#0"},"north":{"uv":[15.875,15.875,16.0,16.0],"tintindex":0,"rotation":0,"texture":"#0"},"west":{"uv":[0.0,14.75,4.0,15.375],"tintindex":0,"rotation":0,"texture":"#0"},"up":{"uv":[15.75,0.0,16.0,4.0],"tintindex":0,"rotation":0,"texture":"#0"},"down":{"uv":[15.5,0.0,15.75,4.0],"tintindex":0,"rotation":0,"texture":"#0"}}},{"from":[8.5,9.25,8.0],"to":[7.5,6.75,-8.0],"faces":{"east":{"uv":[0.0,15.375,4.0,14.75],"tintindex":0,"rotation":0,"texture":"#0"},"south":{"uv":[15.875,16.0,16.0,15.875],"tintindex":0,"rotation":0,"texture":"#0"},"north":{"uv":[15.875,16.0,16.0,15.875],"tintindex":0,"rotation":0,"texture":"#0"},"west":{"uv":[0.0,16.0,4.0,15.375],"tintindex":0,"rotation":0,"texture":"#0"},"up":{"uv":[15.75,0.0,15.5,4.0],"tintindex":0,"rotation":0,"texture":"#0"},"down":{"uv":[16.0,0.0,15.75,4.0],"tintindex":0,"rotation":0,"texture":"#0"}}}],"display":{"head":{"rotation":[0.0,0.0,0.0]},"firstperson_righthand":{"rotation":[0.0,0.0,0.0]},"thirdperson_lefthand":{"rotation":[0.0,-0.0,-0.0]},"firstperson_lefthand":{"rotation":[0.0,-0.0,-0.0]},"fixed":{"rotation":[0.0,0.0,0.0]},"ground":{"rotation":[0.0,0.0,0.0]},"thirdperson_righthand":{"rotation":[0.0,0.0,0.0]},"gui":{"rotation":[-150.0,-45.0,180.0]}}}