{"textures":{"0":"modelengine:entity/rooted_warrior","particle":"#0"},"elements":[{"from":[12.0,11.0,5.0],"to":[16.0,13.0,5.0],"faces":{"south":{"uv":[10.875,8.375,10.375,8.625],"tintindex":0,"rotation":0,"texture":"#0"},"north":{"uv":[10.375,8.375,10.875,8.625],"tintindex":0,"rotation":0,"texture":"#0"}},"rotation":{"origin":[12.0,11.0,5.0],"angle":22.5,"axis":"z"}},{"from":[4.5,16.0,5.0],"to":[6.5,20.0,6.0],"faces":{"east":{"uv":[4.25,8.75,4.375,9.25],"tintindex":0,"rotation":0,"texture":"#0"},"south":{"uv":[12.375,0.0,12.625,0.5],"tintindex":0,"rotation":0,"texture":"#0"},"north":{"uv":[10.375,3.375,10.625,3.875],"tintindex":0,"rotation":0,"texture":"#0"},"west":{"uv":[0.875,9.75,1.0,10.25],"tintindex":0,"rotation":0,"texture":"#0"},"up":{"uv":[9.5,3.0,9.25,2.875],"tintindex":0,"rotation":0,"texture":"#0"},"down":{"uv":[9.5,6.75,9.25,6.875],"tintindex":0,"rotation":0,"texture":"#0"}},"rotation":{"origin":[6.5,16.0,5.0],"angle":22.5,"axis":"z"}},{"from":[9.5,16.0,5.0],"to":[11.5,20.0,6.0],"faces":{"east":{"uv":[1.0,9.75,0.875,10.25],"tintindex":0,"rotation":0,"texture":"#0"},"south":{"uv":[12.625,0.0,12.375,0.5],"tintindex":0,"rotation":0,"texture":"#0"},"north":{"uv":[10.625,3.375,10.375,3.875],"tintindex":0,"rotation":0,"texture":"#0"},"west":{"uv":[4.375,8.75,4.25,9.25],"tintindex":0,"rotation":0,"texture":"#0"},"up":{"uv":[9.25,3.0,9.5,2.875],"tintindex":0,"rotation":0,"texture":"#0"},"down":{"uv":[9.25,6.75,9.5,6.875],"tintindex":0,"rotation":0,"texture":"#0"}},"rotation":{"origin":[9.5,16.0,5.0],"angle":-22.5,"axis":"z"}},{"from":[-3.0,10.0,8.0],"to":[4.0,16.0,8.0],"faces":{"south":{"uv":[1.375,10.25,2.25,11.0],"tintindex":0,"rotation":0,"texture":"#0"},"north":{"uv":[2.25,10.25,1.375,11.0],"tintindex":0,"rotation":0,"texture":"#0"}},"rotation":{"origin":[4.0,10.0,10.0],"angle":-45.0,"axis":"z"}},{"from":[3.1215072,18.930153,5.5],"to":[5.121507,22.930153,5.5],"faces":{"south":{"uv":[0.75,12.375,0.5,12.875],"tintindex":0,"rotation":0,"texture":"#0"},"north":{"uv":[0.5,12.375,0.75,12.875],"tintindex":0,"rotation":0,"texture":"#0"}},"rotation":{"origin":[3.1215072,18.930153,5.5],"angle":-22.5,"axis":"z"}},{"from":[12.0,9.0,10.0],"to":[20.0,13.0,10.0],"faces":{"south":{"uv":[11.875,9.75,10.875,10.25],"tintindex":0,"rotation":0,"texture":"#0"},"north":{"uv":[10.875,9.75,11.875,10.25],"tintindex":0,"rotation":0,"texture":"#0"}},"rotation":{"origin":[12.0,9.0,10.0],"angle":22.5,"axis":"z"}},{"from":[4.0,12.0,3.75],"to":[12.0,20.0,3.75],"faces":{"south":{"uv":[10.0,0.875,9.0,1.875],"tintindex":0,"rotation":0,"texture":"#0"},"north":{"uv":[9.0,0.875,10.0,1.875],"tintindex":0,"rotation":0,"texture":"#0"}},"rotation":{"origin":[8.0,16.0,3.75],"angle":-45.0,"axis":"z"}},{"from":[7.0,16.0,5.0],"to":[9.0,19.0,5.0],"faces":{"south":{"uv":[3.875,12.375,3.625,12.75],"tintindex":0,"rotation":0,"texture":"#0"},"north":{"uv":[3.625,12.375,3.875,12.75],"tintindex":0,"rotation":0,"texture":"#0"}},"rotation":{"origin":[7.0,16.0,5.001],"angle":22.5,"axis":"x"}},{"from":[10.878492,18.930153,5.5],"to":[12.878492,22.930153,5.5],"faces":{"south":{"uv":[0.5,12.375,0.75,12.875],"tintindex":0,"rotation":0,"texture":"#0"},"north":{"uv":[0.75,12.375,0.5,12.875],"tintindex":0,"rotation":0,"texture":"#0"}},"rotation":{"origin":[12.878492,18.930153,5.5],"angle":22.5,"axis":"z"}},{"from":[0.0,11.0,5.0],"to":[4.0,13.0,5.0],"faces":{"south":{"uv":[10.375,8.375,10.875,8.625],"tintindex":0,"rotation":0,"texture":"#0"},"north":{"uv":[10.875,8.375,10.375,8.625],"tintindex":0,"rotation":0,"texture":"#0"}},"rotation":{"origin":[4.0,11.0,5.0],"angle":-22.5,"axis":"z"}},{"from":[12.0,10.0,8.0],"to":[19.0,16.0,8.0],"faces":{"south":{"uv":[2.25,10.25,1.375,11.0],"tintindex":0,"rotation":0,"texture":"#0"},"north":{"uv":[1.375,10.25,2.25,11.0],"tintindex":0,"rotation":0,"texture":"#0"}},"rotation":{"origin":[12.0,10.0,10.0],"angle":45.0,"axis":"z"}},{"from":[-4.0,9.0,10.0],"to":[4.0,13.0,10.0],"faces":{"south":{"uv":[10.875,9.75,11.875,10.25],"tintindex":0,"rotation":0,"texture":"#0"},"north":{"uv":[11.875,9.75,10.875,10.25],"tintindex":0,"rotation":0,"texture":"#0"}},"rotation":{"origin":[4.0,9.0,10.0],"angle":-22.5,"axis":"z"}}],"display":{"head":{"rotation":[0.0,0.0,0.0]},"firstperson_righthand":{"rotation":[0.0,0.0,0.0]},"thirdperson_lefthand":{"rotation":[0.0,-0.0,-0.0]},"firstperson_lefthand":{"rotation":[0.0,-0.0,-0.0]},"fixed":{"rotation":[0.0,0.0,0.0]},"ground":{"rotation":[0.0,0.0,0.0]},"thirdperson_righthand":{"rotation":[0.0,0.0,0.0]},"gui":{"rotation":[-150.0,-45.0,180.0]}}}