{"textures":{"0":"modelengine:entity/rooted_warrior","particle":"#0"},"elements":[{"from":[2.0,11.0,8.5],"to":[4.0,16.0,9.5],"faces":{"east":{"uv":[6.5,3.5,6.625,4.125],"tintindex":0,"rotation":0,"texture":"#0"},"south":{"uv":[8.75,12.25,9.0,12.875],"tintindex":0,"rotation":0,"texture":"#0"},"north":{"uv":[1.125,5.75,1.375,6.375],"tintindex":0,"rotation":0,"texture":"#0"},"west":{"uv":[1.0,7.375,1.125,8.0],"tintindex":0,"rotation":0,"texture":"#0"},"up":{"uv":[6.5,8.875,6.25,8.75],"tintindex":0,"rotation":0,"texture":"#0"},"down":{"uv":[9.25,2.875,9.0,3.0],"tintindex":0,"rotation":0,"texture":"#0"}},"rotation":{"origin":[4.0,11.0,8.5],"angle":45.0,"axis":"z"}},{"from":[-6.0,9.0,8.5],"to":[0.0,11.0,9.5],"faces":{"east":{"uv":[6.5,4.125,6.625,4.375],"tintindex":0,"rotation":0,"texture":"#0"},"south":{"uv":[11.875,5.625,12.625,5.875],"tintindex":0,"rotation":0,"texture":"#0"},"north":{"uv":[9.375,8.625,10.125,8.875],"tintindex":0,"rotation":0,"texture":"#0"},"west":{"uv":[4.25,9.25,4.375,9.5],"tintindex":0,"rotation":0,"texture":"#0"},"up":{"uv":[2.125,4.875,1.375,4.75],"tintindex":0,"rotation":0,"texture":"#0"},"down":{"uv":[9.0,0.875,8.25,1.0],"tintindex":0,"rotation":0,"texture":"#0"}},"rotation":{"origin":[0.0,11.0,8.5],"angle":22.5,"axis":"z"}},{"from":[-5.2426414,12.414215,9.0],"to":[-0.2426405,14.414215,9.0],"faces":{"south":{"uv":[12.875,2.375,12.25,2.625],"tintindex":0,"rotation":0,"texture":"#0"},"north":{"uv":[12.25,2.375,12.875,2.625],"tintindex":0,"rotation":0,"texture":"#0"}},"rotation":{"origin":[-0.2426405,12.414215,9.0],"angle":-22.5,"axis":"z"}},{"from":[0.0,8.0,8.0],"to":[8.0,11.0,10.0],"faces":{"east":{"uv":[2.75,10.25,3.0,10.625],"tintindex":0,"rotation":0,"texture":"#0"},"south":{"uv":[11.5,8.375,12.5,8.75],"tintindex":0,"rotation":0,"texture":"#0"},"north":{"uv":[11.375,8.0,12.375,8.375],"tintindex":0,"rotation":0,"texture":"#0"},"west":{"uv":[2.5,11.5,2.75,11.875],"tintindex":0,"rotation":0,"texture":"#0"},"up":{"uv":[9.375,8.0,8.375,7.75],"tintindex":0,"rotation":0,"texture":"#0"},"down":{"uv":[12.875,5.375,11.875,5.625],"tintindex":0,"rotation":0,"texture":"#0"}}},{"from":[-9.344364,6.2072945,9.0],"to":[-4.344364,8.207294,9.0],"faces":{"south":{"uv":[10.375,7.5,9.75,7.75],"tintindex":0,"rotation":0,"texture":"#0"},"north":{"uv":[9.75,7.5,10.375,7.75],"tintindex":0,"rotation":0,"texture":"#0"}},"rotation":{"origin":[-2.930151,7.6215057,8.0],"angle":-22.5,"axis":"z"}}],"display":{"head":{"rotation":[0.0,0.0,0.0]},"firstperson_righthand":{"rotation":[0.0,0.0,0.0]},"thirdperson_lefthand":{"rotation":[0.0,-0.0,-0.0]},"firstperson_lefthand":{"rotation":[0.0,-0.0,-0.0]},"fixed":{"rotation":[0.0,0.0,0.0]},"ground":{"rotation":[0.0,0.0,0.0]},"thirdperson_righthand":{"rotation":[0.0,0.0,0.0]},"gui":{"rotation":[-150.0,-45.0,180.0]}}}