{"textures":{"0":"modelengine:entity/rooted_warrior","particle":"#0"},"elements":[{"from":[5.0,0.0,5.5],"to":[9.0,10.0,10.5],"faces":{"east":{"uv":[3.875,9.875,4.5,11.125],"tintindex":0,"rotation":0,"texture":"#0"},"south":{"uv":[10.375,6.125,10.875,7.375],"tintindex":0,"rotation":0,"texture":"#0"},"north":{"uv":[2.25,10.25,2.75,11.5],"tintindex":0,"rotation":0,"texture":"#0"},"west":{"uv":[4.5,9.875,5.125,11.125],"tintindex":0,"rotation":0,"texture":"#0"},"up":{"uv":[9.75,6.75,9.25,6.125],"tintindex":0,"rotation":0,"texture":"#0"},"down":{"uv":[12.375,4.0,11.875,4.625],"tintindex":0,"rotation":0,"texture":"#0"}}}],"display":{"head":{"rotation":[0.0,0.0,0.0]},"firstperson_righthand":{"rotation":[0.0,0.0,0.0]},"thirdperson_lefthand":{"rotation":[0.0,-0.0,-0.0]},"firstperson_lefthand":{"rotation":[0.0,-0.0,-0.0]},"fixed":{"rotation":[0.0,0.0,0.0]},"ground":{"rotation":[0.0,0.0,0.0]},"thirdperson_righthand":{"rotation":[0.0,0.0,0.0]},"gui":{"rotation":[-150.0,-45.0,180.0]}}}