{"textures":{"0":"modelengine:entity/rooted_warrior","particle":"#0"},"elements":[{"from":[8.0,16.234634,9.847759],"to":[8.0,18.234632,15.847759],"faces":{"east":{"uv":[12.0,1.375,12.75,1.625],"tintindex":0,"rotation":0,"texture":"#0"},"west":{"uv":[12.75,1.375,12.0,1.625],"tintindex":0,"rotation":0,"texture":"#0"}},"rotation":{"origin":[8.0,16.234634,9.847759],"angle":45.0,"axis":"x"}},{"from":[8.0,16.234634,0.15224075],"to":[8.0,18.234632,6.1522408],"faces":{"east":{"uv":[12.125,10.0,12.875,10.25],"tintindex":0,"rotation":0,"texture":"#0"},"west":{"uv":[12.875,10.0,12.125,10.25],"tintindex":0,"rotation":0,"texture":"#0"}},"rotation":{"origin":[8.0,16.234634,6.1522408],"angle":-45.0,"axis":"x"}},{"from":[6.99,14.99,1.99],"to":[9.01,17.01,8.01],"faces":{"east":{"uv":[12.75,6.5,12.0,6.75],"tintindex":0,"rotation":0,"texture":"#0"},"south":{"uv":[10.75,0.625,10.5,0.875],"tintindex":0,"rotation":0,"texture":"#0"},"north":{"uv":[5.5,8.5,5.25,8.75],"tintindex":0,"rotation":0,"texture":"#0"},"west":{"uv":[12.75,2.875,12.0,3.125],"tintindex":0,"rotation":0,"texture":"#0"},"up":{"uv":[7.5,12.75,7.75,12.0],"tintindex":0,"rotation":0,"texture":"#0"},"down":{"uv":[4.875,12.125,5.125,12.875],"tintindex":0,"rotation":0,"texture":"#0"}},"rotation":{"origin":[8.0,17.0,8.0],"angle":-22.5,"axis":"x"}},{"from":[7.0,15.0,8.0],"to":[9.0,17.0,14.0],"faces":{"east":{"uv":[12.875,7.0,12.125,7.25],"tintindex":0,"rotation":0,"texture":"#0"},"south":{"uv":[11.125,3.125,10.875,3.375],"tintindex":0,"rotation":0,"texture":"#0"},"north":{"uv":[11.0,0.625,10.75,0.875],"tintindex":0,"rotation":0,"texture":"#0"},"west":{"uv":[12.75,6.75,12.0,7.0],"tintindex":0,"rotation":0,"texture":"#0"},"up":{"uv":[12.125,8.0,12.375,7.25],"tintindex":0,"rotation":0,"texture":"#0"},"down":{"uv":[12.125,9.25,12.375,10.0],"tintindex":0,"rotation":0,"texture":"#0"}},"rotation":{"origin":[8.0,17.0,8.0],"angle":22.5,"axis":"x"}}],"display":{"head":{"rotation":[0.0,0.0,0.0]},"firstperson_righthand":{"rotation":[0.0,0.0,0.0]},"thirdperson_lefthand":{"rotation":[0.0,-0.0,-0.0]},"firstperson_lefthand":{"rotation":[0.0,-0.0,-0.0]},"fixed":{"rotation":[0.0,0.0,0.0]},"ground":{"rotation":[0.0,0.0,0.0]},"thirdperson_righthand":{"rotation":[0.0,0.0,0.0]},"gui":{"rotation":[-150.0,-45.0,180.0]}}}