{"textures":{"0":"modelengine:entity/rooted_warrior","particle":"#0"},"elements":[{"from":[8.0,1.5,1.5],"to":[8.0,14.5,14.5],"faces":{"east":{"uv":[2.125,3.25,3.75,4.875],"tintindex":0,"rotation":0,"texture":"#0"},"west":{"uv":[3.75,3.25,2.125,4.875],"tintindex":0,"rotation":0,"texture":"#0"}},"rotation":{"origin":[8.0,8.0,8.0],"angle":-45.0,"axis":"x"}},{"from":[6.5,3.0,3.0],"to":[9.5,13.0,13.0],"faces":{"east":{"uv":[7.75,2.25,6.5,3.5],"tintindex":0,"rotation":0,"texture":"#0"},"south":{"uv":[4.5,11.125,4.125,12.375],"tintindex":0,"rotation":0,"texture":"#0"},"north":{"uv":[4.125,11.125,3.75,12.375],"tintindex":0,"rotation":0,"texture":"#0"},"west":{"uv":[7.75,1.0,6.5,2.25],"tintindex":0,"rotation":0,"texture":"#0"},"up":{"uv":[4.5,12.375,4.875,11.125],"tintindex":0,"rotation":0,"texture":"#0"},"down":{"uv":[9.0,11.125,9.375,12.375],"tintindex":0,"rotation":0,"texture":"#0"}}}],"display":{"head":{"rotation":[0.0,0.0,0.0]},"firstperson_righthand":{"rotation":[0.0,0.0,0.0]},"thirdperson_lefthand":{"rotation":[0.0,-0.0,-0.0]},"firstperson_lefthand":{"rotation":[0.0,-0.0,-0.0]},"fixed":{"rotation":[0.0,0.0,0.0]},"ground":{"rotation":[0.0,0.0,0.0]},"thirdperson_righthand":{"rotation":[0.0,0.0,0.0]},"gui":{"rotation":[-150.0,-45.0,180.0]}}}