{"textures":{"0":"modelengine:entity/rooted_warrior","particle":"#0"},"elements":[{"from":[3.0,7.0,4.5],"to":[13.0,15.0,11.5],"faces":{"east":{"uv":[3.0,9.625,3.875,10.625],"tintindex":0,"rotation":0,"texture":"#0"},"south":{"uv":[7.75,2.0,9.0,3.0],"tintindex":0,"rotation":0,"texture":"#0"},"north":{"uv":[7.75,1.0,9.0,2.0],"tintindex":0,"rotation":0,"texture":"#0"},"west":{"uv":[0.0,9.75,0.875,10.75],"tintindex":0,"rotation":0,"texture":"#0"},"up":{"uv":[4.25,9.625,3.0,8.75],"tintindex":0,"rotation":0,"texture":"#0"},"down":{"uv":[10.0,3.0,8.75,3.875],"tintindex":0,"rotation":0,"texture":"#0"}}}],"display":{"head":{"rotation":[0.0,0.0,0.0]},"firstperson_righthand":{"rotation":[0.0,0.0,0.0]},"thirdperson_lefthand":{"rotation":[0.0,-0.0,-0.0]},"firstperson_lefthand":{"rotation":[0.0,-0.0,-0.0]},"fixed":{"rotation":[0.0,0.0,0.0]},"ground":{"rotation":[0.0,0.0,0.0]},"thirdperson_righthand":{"rotation":[0.0,0.0,0.0]},"gui":{"rotation":[-150.0,-45.0,180.0]}}}