{"textures":{"0":"modelengine:entity/rooted_warrior","particle":"#0"},"elements":[{"from":[9.0,9.0,9.5],"to":[9.0,12.0,11.0],"faces":{"east":{"uv":[3.0,8.0,3.375,8.75],"tintindex":0,"rotation":0,"texture":"#0"},"west":{"uv":[3.375,8.0,3.0,8.75],"tintindex":0,"rotation":0,"texture":"#0"}},"rotation":{"origin":[9.0,10.5,11.5],"angle":-22.5,"axis":"z"}},{"from":[8.5,12.875,5.75],"to":[9.5,16.875,6.75],"faces":{"east":{"uv":[11.875,11.875,11.625,12.875],"tintindex":0,"rotation":0,"texture":"#0"},"south":{"uv":[12.125,9.25,11.875,10.25],"tintindex":0,"rotation":0,"texture":"#0"},"north":{"uv":[6.5,11.875,6.25,12.875],"tintindex":0,"rotation":0,"texture":"#0"},"west":{"uv":[6.75,11.875,6.5,12.875],"tintindex":0,"rotation":0,"texture":"#0"},"up":{"uv":[9.0,11.125,9.25,10.875],"tintindex":0,"rotation":0,"texture":"#0"},"down":{"uv":[10.875,10.25,11.125,10.5],"tintindex":0,"rotation":0,"texture":"#0"}},"rotation":{"origin":[9.0,13.25,4.75],"angle":-45.0,"axis":"z"}},{"from":[14.753128,14.991106,7.25],"to":[18.253128,16.491106,7.25],"faces":{"south":{"uv":[12.625,10.625,11.75,11.0],"tintindex":0,"rotation":0,"texture":"#0"},"north":{"uv":[11.75,10.625,12.625,11.0],"tintindex":0,"rotation":0,"texture":"#0"}},"rotation":{"origin":[14.753128,14.991106,7.25],"angle":45.0,"axis":"z"}},{"from":[14.3702545,15.9149475,7.5],"to":[14.3702545,20.414948,9.5],"faces":{"east":{"uv":[11.375,5.5,10.875,6.625],"tintindex":0,"rotation":0,"texture":"#0"},"west":{"uv":[10.875,5.5,11.375,6.625],"tintindex":0,"rotation":0,"texture":"#0"}},"rotation":{"origin":[14.3702545,15.915447,7.5],"angle":-22.5,"axis":"z"}},{"from":[9.869405,14.920216,8.0],"to":[14.869405,15.920216,8.0],"faces":{"south":{"uv":[11.875,3.5,13.125,3.75],"tintindex":0,"rotation":0,"texture":"#0"},"north":{"uv":[13.125,3.5,11.875,3.75],"tintindex":0,"rotation":0,"texture":"#0"}},"rotation":{"origin":[11.869405,15.420216,8.0],"angle":45.0,"axis":"z"}},{"from":[1.0,12.75,6.75],"to":[6.5,14.75,10.25],"faces":{"east":{"uv":[11.375,1.625,12.25,2.125],"tintindex":0,"rotation":0,"texture":"#0"},"south":{"uv":[10.0,2.125,11.375,2.625],"tintindex":0,"rotation":0,"texture":"#0"},"north":{"uv":[10.0,1.625,11.375,2.125],"tintindex":0,"rotation":0,"texture":"#0"},"west":{"uv":[11.375,2.125,12.25,2.625],"tintindex":0,"rotation":0,"texture":"#0"},"up":{"uv":[8.0,8.875,6.625,8.0],"tintindex":0,"rotation":0,"texture":"#0"},"down":{"uv":[9.375,8.0,8.0,8.875],"tintindex":0,"rotation":0,"texture":"#0"}},"rotation":{"origin":[5.5,13.5,8.0],"angle":-22.5,"axis":"z"}},{"from":[6.5,12.875,5.75],"to":[7.5,16.875,6.75],"faces":{"east":{"uv":[6.5,11.875,6.75,12.875],"tintindex":0,"rotation":0,"texture":"#0"},"south":{"uv":[11.875,9.25,12.125,10.25],"tintindex":0,"rotation":0,"texture":"#0"},"north":{"uv":[6.25,11.875,6.5,12.875],"tintindex":0,"rotation":0,"texture":"#0"},"west":{"uv":[11.625,11.875,11.875,12.875],"tintindex":0,"rotation":0,"texture":"#0"},"up":{"uv":[9.25,11.125,9.0,10.875],"tintindex":0,"rotation":0,"texture":"#0"},"down":{"uv":[11.125,10.25,10.875,10.5],"tintindex":0,"rotation":0,"texture":"#0"}},"rotation":{"origin":[7.0,13.25,4.75],"angle":45.0,"axis":"z"}},{"from":[1.1305952,14.920216,8.0],"to":[6.130595,15.920216,8.0],"faces":{"south":{"uv":[13.125,3.5,11.875,3.75],"tintindex":0,"rotation":0,"texture":"#0"},"north":{"uv":[11.875,3.5,13.125,3.75],"tintindex":0,"rotation":0,"texture":"#0"}},"rotation":{"origin":[4.130595,15.420216,8.0],"angle":-45.0,"axis":"z"}},{"from":[-2.253129,14.991106,7.25],"to":[1.2468715,16.491106,7.25],"faces":{"south":{"uv":[11.75,10.625,12.625,11.0],"tintindex":0,"rotation":0,"texture":"#0"},"north":{"uv":[12.625,10.625,11.75,11.0],"tintindex":0,"rotation":0,"texture":"#0"}},"rotation":{"origin":[1.2468715,14.991106,7.25],"angle":-45.0,"axis":"z"}},{"from":[10.0,10.5,6.25],"to":[11.0,14.5,9.25],"faces":{"east":{"uv":[8.5,9.875,7.75,10.875],"tintindex":0,"rotation":0,"texture":"#0"},"south":{"uv":[5.125,11.125,4.875,12.125],"tintindex":0,"rotation":0,"texture":"#0"},"north":{"uv":[9.25,9.875,9.0,10.875],"tintindex":0,"rotation":0,"texture":"#0"},"west":{"uv":[7.75,9.875,7.0,10.875],"tintindex":0,"rotation":0,"texture":"#0"},"up":{"uv":[7.0,12.75,7.25,12.0],"tintindex":0,"rotation":0,"texture":"#0"},"down":{"uv":[7.25,12.0,7.5,12.75],"tintindex":0,"rotation":0,"texture":"#0"}},"rotation":{"origin":[9.5,11.5,7.0],"angle":-22.5,"axis":"x"}},{"from":[5.0,10.5,6.25],"to":[6.0,14.5,9.25],"faces":{"east":{"uv":[7.0,9.875,7.75,10.875],"tintindex":0,"rotation":0,"texture":"#0"},"south":{"uv":[4.875,11.125,5.125,12.125],"tintindex":0,"rotation":0,"texture":"#0"},"north":{"uv":[9.0,9.875,9.25,10.875],"tintindex":0,"rotation":0,"texture":"#0"},"west":{"uv":[7.75,9.875,8.5,10.875],"tintindex":0,"rotation":0,"texture":"#0"},"up":{"uv":[7.25,12.75,7.0,12.0],"tintindex":0,"rotation":0,"texture":"#0"},"down":{"uv":[7.5,12.0,7.25,12.75],"tintindex":0,"rotation":0,"texture":"#0"}},"rotation":{"origin":[6.5,11.5,7.0],"angle":-22.5,"axis":"x"}},{"from":[6.0,7.5,7.25],"to":[10.0,11.5,9.75],"faces":{"east":{"uv":[10.25,8.625,10.875,9.625],"tintindex":0,"rotation":0,"texture":"#0"},"south":{"uv":[2.0,9.25,3.0,10.25],"tintindex":0,"rotation":0,"texture":"#0"},"north":{"uv":[1.0,9.25,2.0,10.25],"tintindex":0,"rotation":0,"texture":"#0"},"west":{"uv":[10.375,7.375,11.0,8.375],"tintindex":0,"rotation":0,"texture":"#0"},"up":{"uv":[11.25,5.5,10.25,4.875],"tintindex":0,"rotation":0,"texture":"#0"},"down":{"uv":[11.5,0.0,10.5,0.625],"tintindex":0,"rotation":0,"texture":"#0"}}},{"from":[6.0,10.0,9.5],"to":[6.0,14.5,11.5],"faces":{"east":{"uv":[6.75,10.875,7.25,12.0],"tintindex":0,"rotation":0,"texture":"#0"},"west":{"uv":[7.25,10.875,6.75,12.0],"tintindex":0,"rotation":0,"texture":"#0"}},"rotation":{"origin":[6.0,12.0,11.5],"angle":22.5,"axis":"z"}},{"from":[7.0,7.5,6.25],"to":[7.0,11.0,7.25],"faces":{"east":{"uv":[11.875,7.125,12.125,8.0],"tintindex":0,"rotation":0,"texture":"#0"},"west":{"uv":[12.125,7.125,11.875,8.0],"tintindex":0,"rotation":0,"texture":"#0"}},"rotation":{"origin":[8.0,9.75,6.0],"angle":22.5,"axis":"z"}},{"from":[1.629746,15.9149475,7.5],"to":[1.629746,20.414948,9.5],"faces":{"east":{"uv":[11.375,5.5,10.875,6.625],"tintindex":0,"rotation":0,"texture":"#0"},"west":{"uv":[10.875,5.5,11.375,6.625],"tintindex":0,"rotation":0,"texture":"#0"}},"rotation":{"origin":[1.629746,15.915447,7.5],"angle":22.5,"axis":"z"}},{"from":[9.5,12.75,6.75],"to":[15.0,14.75,10.25],"faces":{"east":{"uv":[12.25,2.125,11.375,2.625],"tintindex":0,"rotation":0,"texture":"#0"},"south":{"uv":[11.375,2.125,10.0,2.625],"tintindex":0,"rotation":0,"texture":"#0"},"north":{"uv":[11.375,1.625,10.0,2.125],"tintindex":0,"rotation":0,"texture":"#0"},"west":{"uv":[12.25,1.625,11.375,2.125],"tintindex":0,"rotation":0,"texture":"#0"},"up":{"uv":[6.625,8.875,8.0,8.0],"tintindex":0,"rotation":0,"texture":"#0"},"down":{"uv":[8.0,8.0,9.375,8.875],"tintindex":0,"rotation":0,"texture":"#0"}},"rotation":{"origin":[10.5,13.5,8.0],"angle":22.5,"axis":"z"}},{"from":[4.5,11.5,6.5],"to":[11.5,15.0,10.5],"faces":{"east":{"uv":[9.25,8.875,10.25,9.75],"tintindex":0,"rotation":0,"texture":"#0"},"south":{"uv":[6.625,7.125,8.375,8.0],"tintindex":0,"rotation":0,"texture":"#0"},"north":{"uv":[6.625,6.25,8.375,7.125],"tintindex":0,"rotation":0,"texture":"#0"},"west":{"uv":[9.375,7.75,10.375,8.625],"tintindex":0,"rotation":0,"texture":"#0"},"up":{"uv":[5.125,7.375,3.375,6.375],"tintindex":0,"rotation":0,"texture":"#0"},"down":{"uv":[8.25,0.0,6.5,1.0],"tintindex":0,"rotation":0,"texture":"#0"}}}],"display":{"head":{"rotation":[0.0,0.0,0.0]},"firstperson_righthand":{"rotation":[0.0,0.0,0.0]},"thirdperson_lefthand":{"rotation":[0.0,-0.0,-0.0]},"firstperson_lefthand":{"rotation":[0.0,-0.0,-0.0]},"fixed":{"rotation":[0.0,0.0,0.0]},"ground":{"rotation":[0.0,0.0,0.0]},"thirdperson_righthand":{"rotation":[0.0,0.0,0.0]},"gui":{"rotation":[-150.0,-45.0,180.0]}}}