{"textures":{"0":"modelengine:entity/leaf_spiral_projectile","particle":"#0"},"elements":[{"from":[8.0,7.0,8.0],"to":[8.0,9.0,18.0],"faces":{"east":{"uv":[0.0,0.0,5.0,1.0],"tintindex":0,"rotation":0,"texture":"#0"},"west":{"uv":[5.0,0.0,0.0,1.0],"tintindex":0,"rotation":0,"texture":"#0"}}}],"display":{"head":{"rotation":[0.0,0.0,0.0]},"firstperson_righthand":{"rotation":[0.0,0.0,0.0]},"thirdperson_lefthand":{"rotation":[0.0,-0.0,-0.0]},"firstperson_lefthand":{"rotation":[0.0,-0.0,-0.0]},"fixed":{"rotation":[0.0,0.0,0.0]},"ground":{"rotation":[0.0,0.0,0.0]},"thirdperson_righthand":{"rotation":[0.0,0.0,0.0]},"gui":{"rotation":[-150.0,-45.0,180.0]}}}