{"textures":{"0":"modelengine:entity/leaf_spiral_projectile","particle":"#0"},"elements":[{"from":[5.5,7.5,8.0],"to":[10.5,8.5,8.0],"faces":{"south":{"uv":[9.0,6.5,6.5,7.0],"tintindex":0,"rotation":0,"texture":"#0"},"north":{"uv":[6.5,6.5,9.0,7.0],"tintindex":0,"rotation":0,"texture":"#0"}}}],"display":{"head":{"rotation":[0.0,0.0,0.0]},"firstperson_righthand":{"rotation":[0.0,0.0,0.0]},"thirdperson_lefthand":{"rotation":[0.0,-0.0,-0.0]},"firstperson_lefthand":{"rotation":[0.0,-0.0,-0.0]},"fixed":{"rotation":[0.0,0.0,0.0]},"ground":{"rotation":[0.0,0.0,0.0]},"thirdperson_righthand":{"rotation":[0.0,0.0,0.0]},"gui":{"rotation":[-150.0,-45.0,180.0]}}}