{"textures":{"0":"modelengine:entity/leaf_spiral_projectile","particle":"#0"},"elements":[{"from":[7.5,5.5,8.0],"to":[8.5,10.5,8.0],"faces":{"south":{"uv":[4.5,7.0,5.0,9.5],"tintindex":0,"rotation":0,"texture":"#0"},"north":{"uv":[4.5,7.0,5.0,9.5],"tintindex":0,"rotation":0,"texture":"#0"}}}],"display":{"head":{"rotation":[0.0,0.0,0.0]},"firstperson_righthand":{"rotation":[0.0,0.0,0.0]},"thirdperson_lefthand":{"rotation":[0.0,-0.0,-0.0]},"firstperson_lefthand":{"rotation":[0.0,-0.0,-0.0]},"fixed":{"rotation":[0.0,0.0,0.0]},"ground":{"rotation":[0.0,0.0,0.0]},"thirdperson_righthand":{"rotation":[0.0,0.0,0.0]},"gui":{"rotation":[-150.0,-45.0,180.0]}}}