{"textures":{"0":"modelengine:entity/leaf_spiral_projectile","particle":"#0"},"elements":[{"from":[13.0,3.25,18.25],"to":[13.0,4.25,19.75],"faces":{"east":{"uv":[8.0,5.5,6.5,6.5],"tintindex":0,"rotation":0,"texture":"#0"},"south":{"uv":[15.5,15.5,16.0,16.0],"tintindex":0,"rotation":0,"texture":"#0"},"north":{"uv":[15.5,15.5,16.0,16.0],"tintindex":0,"rotation":0,"texture":"#0"},"west":{"uv":[6.5,5.5,8.0,6.5],"tintindex":0,"rotation":0,"texture":"#0"},"up":{"uv":[15.5,15.5,16.0,16.0],"tintindex":0,"rotation":0,"texture":"#0"},"down":{"uv":[15.5,15.5,16.0,16.0],"tintindex":0,"rotation":0,"texture":"#0"}},"rotation":{"origin":[13.0,3.75,18.5],"angle":-22.5,"axis":"y"}},{"from":[7.75,8.0,6.75],"to":[8.75,8.0,8.75],"faces":{"east":{"uv":[15.5,15.5,16.0,16.0],"tintindex":0,"rotation":0,"texture":"#0"},"south":{"uv":[15.5,15.5,16.0,16.0],"tintindex":0,"rotation":0,"texture":"#0"},"north":{"uv":[15.5,15.5,16.0,16.0],"tintindex":0,"rotation":0,"texture":"#0"},"west":{"uv":[15.5,15.5,16.0,16.0],"tintindex":0,"rotation":0,"texture":"#0"},"up":{"uv":[6.5,7.0,5.5,5.0],"tintindex":0,"rotation":0,"texture":"#0"},"down":{"uv":[6.5,5.0,5.5,7.0],"tintindex":0,"rotation":0,"texture":"#0"}},"rotation":{"origin":[8.75,7.0,8.25],"angle":22.5,"axis":"y"}},{"from":[11.25,2.5,21.25],"to":[12.25,2.5,23.25],"faces":{"east":{"uv":[15.5,15.5,16.0,16.0],"tintindex":0,"rotation":0,"texture":"#0"},"south":{"uv":[15.5,15.5,16.0,16.0],"tintindex":0,"rotation":0,"texture":"#0"},"north":{"uv":[15.5,15.5,16.0,16.0],"tintindex":0,"rotation":0,"texture":"#0"},"west":{"uv":[15.5,15.5,16.0,16.0],"tintindex":0,"rotation":0,"texture":"#0"},"up":{"uv":[1.0,8.5,0.0,6.5],"tintindex":0,"rotation":0,"texture":"#0"},"down":{"uv":[1.0,6.5,0.0,8.5],"tintindex":0,"rotation":0,"texture":"#0"}},"rotation":{"origin":[10.25,3.0,21.25],"angle":-22.5,"axis":"y"}},{"from":[12.75,4.75,13.75],"to":[12.75,5.75,15.25],"faces":{"east":{"uv":[8.0,0.0,6.5,1.0],"tintindex":0,"rotation":0,"texture":"#0"},"south":{"uv":[15.5,15.5,16.0,16.0],"tintindex":0,"rotation":0,"texture":"#0"},"north":{"uv":[15.5,15.5,16.0,16.0],"tintindex":0,"rotation":0,"texture":"#0"},"west":{"uv":[6.5,0.0,8.0,1.0],"tintindex":0,"rotation":0,"texture":"#0"},"up":{"uv":[15.5,15.5,16.0,16.0],"tintindex":0,"rotation":0,"texture":"#0"},"down":{"uv":[15.5,15.5,16.0,16.0],"tintindex":0,"rotation":0,"texture":"#0"}},"rotation":{"origin":[11.75,5.25,14.0],"angle":22.5,"axis":"x"}},{"from":[11.25,6.0,10.25],"to":[11.25,7.0,11.75],"faces":{"east":{"uv":[4.0,6.5,2.5,7.5],"tintindex":0,"rotation":0,"texture":"#0"},"south":{"uv":[15.5,15.5,16.0,16.0],"tintindex":0,"rotation":0,"texture":"#0"},"north":{"uv":[15.5,15.5,16.0,16.0],"tintindex":0,"rotation":0,"texture":"#0"},"west":{"uv":[2.5,6.5,4.0,7.5],"tintindex":0,"rotation":0,"texture":"#0"},"up":{"uv":[15.5,15.5,16.0,16.0],"tintindex":0,"rotation":0,"texture":"#0"},"down":{"uv":[15.5,15.5,16.0,16.0],"tintindex":0,"rotation":0,"texture":"#0"}},"rotation":{"origin":[10.0,6.5,10.75],"angle":22.5,"axis":"y"}}],"display":{"head":{"rotation":[0.0,0.0,0.0]},"firstperson_righthand":{"rotation":[0.0,0.0,0.0]},"thirdperson_lefthand":{"rotation":[0.0,-0.0,-0.0]},"firstperson_lefthand":{"rotation":[0.0,-0.0,-0.0]},"fixed":{"rotation":[0.0,0.0,0.0]},"ground":{"rotation":[0.0,0.0,0.0]},"thirdperson_righthand":{"rotation":[0.0,0.0,0.0]},"gui":{"rotation":[-150.0,-45.0,180.0]}}}